Year,State,Q01%,Q02%,Q03%,Q04%,Q08_Mean,Q09%,Q13%,Q14%,Q16%,Q17%,Q18%,Q19%,Q21%,Q22%,Q27%,Q32%,Q33%,Q35_Mean,Q36%,Q37%,Q38%,Q39%,Q40%,Q42%,Q43%,Q44%,Q45%,Q05%,Q07%,Q10%,Q11%,Q12%,Q15%,Q20%,Q34%,Q46%,Mortality_Rate,Deaths,Aqi,Percent!!Population 18 to 24 years!!Bachelor's degree or higher,Percent!!Population 18 to 24 years!!High school graduate (includes equivalency),Percent!!Population 18 to 24 years!!Less than high school graduate,Percent!!Population 18 to 24 years!!Some college or associate's degree,"Percent!!Population 25 years and over!!9th to 12th grade, no diploma",Percent!!Population 25 years and over!!Associate's degree,Percent!!Population 25 years and over!!Bachelor's degree,Percent!!Population 25 years and over!!Graduate or professional degree,Percent!!Population 25 years and over!!High school graduate (includes equivalency),Percent!!Population 25 years and over!!Less than 9th grade,"Percent!!Population 25 years and over!!Some college, no degree",Total!!Population 18 to 24 years!!Bachelor's degree or higher,Total!!Population 18 to 24 years!!High school graduate (includes equivalency),Total!!Population 18 to 24 years!!Less than high school graduate,Total!!Population 18 to 24 years!!Some college or associate's degree,"Total!!Population 25 years and over!!9th to 12th grade, no diploma",Total!!Population 25 years and over!!Associate's degree,Total!!Population 25 years and over!!Bachelor's degree,Total!!Population 25 years and over!!Graduate or professional degree,Total!!Population 25 years and over!!High school graduate (includes equivalency),Total!!Population 25 years and over!!Less than 9th grade,"Total!!Population 25 years and over!!Some college, no degree",Percent!!Population 25 years and over!!Bachelor's degree or higher,Percent!!Population 25 years and over!!High school graduate or higher,Total!!Population 25 years and over!!Bachelor's degree or higher,Total!!Population 25 years and over!!High school graduate or higher
2015,Alabama,18.2,10.6,12.4,90.7,6.1,58.4,36.2,93.7,37.3,17.3,52.6,68.0,6.6,60.6,23.0,30.0,70.0,7.7,26.0,19.6,74.4,32.6,11.4,45.5,51.3,38.8,42.8,,,,,,,,,,16.7,68,9.007142857142856,7.5,31.9,15.2,45.4,10.3,8.1,15.4,8.8,31,4.8,21.6,35031,149612,70992,212684,338052,266452,504626,288250,1018063,158830,707979,,,,
2015,Alaska,30.9,19.7,9.0,77.2,4.5,56.2,32.2,87.8,27.7,16.3,42.4,62.4,13.3,45.9,16.0,19.5,80.5,5.7,,,,,,,38.4,,29.8,,,,,,,,,,41.8,2282,10.225,5.8,38.1,15.1,41.1,4.8,8.1,18.7,11,27.3,2.6,27.5,4793,31416,12427,33882,22495,38113,87869,51547,128052,12121,129326,,,,
2015,Arizona,30.0,17.8,9.6,84.9,5.4,62.4,29.2,90.9,26.9,13.4,43.7,,8.1,48.3,19.8,23.8,76.2,6.4,,,,,,41.2,39.9,29.3,36.7,,,,,,,,,,41.5,1457,6.471428571428572,7.4,30.4,17.1,45.2,7.9,8.4,17.4,10.3,24.5,6,25.5,49307,203312,114187,302777,359657,382106,788933,468516,1110871,271316,1155555,,,,
2015,Arkansas,21.2,13.7,13.2,90.1,6.4,61.4,35.3,91.2,38.9,18.3,49.6,,7.0,60.6,23.3,34.4,65.6,8.2,,,,,,38.3,48.5,33.5,45.9,,,,,,,,,,35.8,2943,8.61111111111111,7.2,31.7,12.8,48.3,9.3,6.8,14,7.8,34.1,5.3,22.7,20474,90153,36309,137505,184126,135029,278975,154406,678452,105945,450886,,,,
2015,California,34.9,20.1,10.2,85.0,5.0,61.0,25.2,91.0,20.9,9.7,49.2,,9.1,47.4,14.8,24.3,75.7,6.2,,,,,,43.2,36.2,30.3,34.8,,,,,,,,,,35.7,15065,10.125581395348838,9.7,29.6,12.4,48.3,7.9,7.6,20.3,12,20.8,9.9,21.5,381508,1166501,490779,1904349,2060753,1992703,5285754,3129936,5430081,2582757,5603279,,,,
2015,Colorado,32.6,18.7,8.2,82.8,4.6,67.2,22.3,91.2,20.3,14.1,53.3,,9.4,41.9,19.7,18.1,81.9,5.5,,,,,,46.8,39.5,22.5,27.9,,,,,,,,,,31.3,1612,6.491666666666666,11.1,29.9,13.4,45.6,5.1,8.2,24.8,14.5,21.7,3.7,22,58754,157730,70618,240847,188280,301203,909032,531744,796984,135573,809037,,,,
2015,Connecticut,34.1,16.8,9.6,85.4,4.5,62.3,27.7,94.2,26.2,11.9,54.3,,9.2,48.5,17.4,19.8,80.2,5.5,,,,,,,40.5,25.0,28.4,,,,,,,,,,19.0,966,8.2,14.7,27.7,10.8,46.8,5.6,7.6,21.7,16.7,27.4,4.2,16.9,52002,97565,37981,165295,137496,187970,535933,412111,678916,104772,417520,,,,
2015,Delaware,29.7,15.3,10.1,88.1,4.7,63.5,31.3,93.0,32.8,16.1,53.7,,8.5,52.7,17.9,22.1,77.9,6.1,,,,,,,45.9,29.1,32.3,,,,,,,,,,22.6,264,9.066666666666666,11,30.7,14.1,44.2,7.3,8.1,18,12.9,29.8,3.8,20.1,9785,27340,12574,39399,47663,52556,117581,84348,194810,24692,130986,,,,
2015,Florida,31.6,18.2,11.8,89.6,5.4,60.2,29.0,92.6,30.3,14.2,40.2,,9.1,50.8,18.0,24.0,76.0,7.0,23.2,19.3,67.3,33.6,7.7,48.2,42.5,32.1,34.7,,,,,,,,,,21.8,7031,6.5176470588235285,8.8,29.7,16.4,45.1,7.2,9.6,18.2,10.2,29.2,5.2,20.4,155753,526907,290921,800421,1031199,1383565,2620339,1471999,4201879,750053,2935247,,,,
2015,Georgia,25.3,13.8,11.4,90.9,5.7,56.8,34.2,93.3,31.6,17.0,45.3,67.6,7.9,59.1,19.3,26.3,73.7,7.6,,,,,,45.7,43.3,34.4,39.1,,,,,,,,,,42.4,3714,9.010000000000002,8,31.9,16.4,43.7,8.9,7.4,18.6,11.3,28.1,5,20.7,82673,327755,168766,449485,593620,496008,1244449,755664,1879302,332116,1382608,,,,
2015,Hawaii,30.9,21.3,7.3,86.9,4.0,57.8,21.6,90.2,24.1,9.8,50.1,,12.3,48.4,11.4,17.5,82.5,5.6,20.5,15.7,66.2,34.2,17.3,37.3,31.9,21.3,26.2,,,,,,,,,,19.5,422,6.675000000000001,8.1,38.4,6.3,47.2,5.1,10.7,20.8,10.6,27.1,4.1,21.6,10901,51611,8519,63452,50050,105951,205033,104161,267568,39945,213206,,,,
2015,Idaho,29.7,16.8,8.0,78.5,4.8,59.4,31.8,89.4,23.6,12.5,45.7,,9.0,50.1,19.5,19.6,80.4,5.5,24.4,18.4,70.0,25.4,7.3,,43.9,21.6,26.1,,,,,,,,,,29.9,1339,10.028571428571427,5.2,34.4,13.9,46.4,6.3,9.6,17.8,8.2,27.5,3.7,27,8194,53986,21822,72765,66804,102284,189566,87346,292667,39730,287585,,,,
2015,Illinois,35.1,16.7,8.6,87.7,5.1,58.5,34.1,91.4,30.6,14.4,46.8,,13.0,52.1,15.0,23.3,76.7,5.4,21.9,18.2,71.3,28.6,9.5,47.1,40.7,29.1,33.5,,,,,,,,,,31.6,552,9.075,12.5,28.9,12.5,46.1,6.2,8.1,20.3,12.7,26.7,5.3,20.8,155174,357249,154211,571238,535035,698002,1757697,1095843,2314192,456567,1804602,,,,
2015,Indiana,27.1,14.8,10.4,89.1,5.6,58.7,34.0,90.6,34.3,18.1,49.4,,8.3,52.0,20.3,25.0,75.0,6.2,23.8,17.8,73.1,29.7,13.3,,45.7,25.3,35.9,,,,,,,,,,24.4,3686,10.078260869565218,9.4,31.3,16,43.4,8,8.3,16,9,34.3,3.8,20.6,63424,211407,107912,293630,349195,364142,697223,390897,1496775,164941,900400,,,,
2015,Iowa,28.3,12.5,6.7,88.9,4.5,67.2,33.4,92.3,30.6,14.5,60.8,,10.9,48.0,16.4,18.6,81.4,5.5,16.5,17.7,69.9,22.8,10.9,38.8,43.0,21.4,27.4,,,,,,,,,,33.1,2513,8.328571428571427,9.9,26.1,10.9,53.1,5.1,11.4,18.2,8.7,32.1,3.2,21.4,31828,83647,34913,170254,105159,236728,377035,179556,664912,66506,444608,,,,
2015,Kansas,25.3,13.5,7.9,87.6,4.5,64.3,35.4,91.1,30.8,14.9,51.9,,7.9,50.8,18.9,21.7,78.3,5.8,,,,,,,41.6,25.2,32.5,,,,,,,,,,23.5,865,7.783333333333332,8.9,29.7,12.5,48.9,5.9,8.4,20.4,11.4,26.5,3.8,23.6,27032,89828,37791,148277,111806,158308,384495,214568,501278,71948,446076,,,,
2015,Kentucky,19.9,10.8,11.9,91.7,7.0,62.4,36.7,92.1,40.1,21.3,55.3,69.3,8.8,59.3,19.3,31.8,68.2,7.6,23.6,18.4,72.1,36.6,10.5,,50.4,35.1,42.4,,,,,,,,,,34.9,1694,8.81875,7.5,34.8,14.2,43.5,8.7,7.9,13.6,9.7,33.5,6.2,20.4,31921,148269,60373,185156,260013,235061,406865,289309,1002541,183951,611050,,,,
2015,Louisiana,21.3,12.7,13.7,91.8,6.3,61.9,37.7,91.2,38.9,20.5,48.2,67.4,9.5,60.7,21.2,31.5,68.5,7.8,26.7,19.5,70.9,38.4,10.5,37.7,46.4,41.3,44.7,,,,,,,,,,42.5,2018,8.500000000000002,7.4,32.8,16.7,43.1,10.2,6.1,15.2,8,34.1,5.2,21.1,34103,150433,76591,198157,316837,189683,470739,247319,1056533,159933,654211,,,,
2015,Maine,35.7,18.3,9.3,87.7,4.9,67.1,31.6,94.3,28.8,14.4,53.6,,9.2,50.6,21.7,19.7,80.3,5.7,22.5,17.9,70.5,22.7,15.3,,46.3,21.3,29.2,,,,,,,,,,20.2,1815,7.266666666666666,9.6,31.1,12,47.4,5.5,9.7,19.5,10.6,32.7,2.8,19.2,10755,34849,13424,53201,52423,93335,187513,102040,314332,27176,184421,,,,
2015,Maryland,31.7,16.0,9.6,89.9,4.6,63.4,32.9,95.7,28.9,14.1,51.9,,8.3,51.5,16.8,19.7,80.3,5.8,25.7,17.2,70.0,26.5,13.2,46.0,40.2,25.1,28.6,,,,,,,,,,16.4,1095,9.3,13.9,28.7,11,46.4,6.1,6.5,21.1,17.7,25.1,4.2,19.2,77516,159573,61026,258068,251792,266499,866352,725262,1029325,173874,789382,,,,
2015,Massachusetts,34.6,18.6,10.2,88.5,4.6,65.2,27.7,95.5,30.8,12.3,52.8,,9.2,47.7,20.9,18.7,81.3,5.9,,,,,,,40.7,27.0,29.6,,,,,,,,,,28.4,544,6.866666666666665,17.3,27.5,10.2,45,5.2,7.7,23.1,18.4,25.2,4.5,15.9,121238,192573,71420,315353,245853,362478,1086715,864974,1184423,213496,748705,,,,
2015,Michigan,32.0,14.2,10.4,88.0,5.3,60.9,32.9,93.1,29.0,17.5,46.7,,11.5,51.2,19.8,22.8,77.2,6.6,,,,,,41.7,47.4,27.8,32.1,,,,,,,,,,30.1,3771,8.647058823529411,9.7,28.9,13,48.4,6.9,9.2,17,10.8,29.4,3,23.7,95749,284916,128219,477521,461761,622089,1145546,724927,1979472,201139,1593413,,,,
2015,Minnesota,30.9,12.7,7.1,88.4,4.1,65.1,29.5,92.3,25.6,13.3,55.0,,11.3,43.4,17.5,16.5,83.5,5.5,,,,,,43.0,36.9,21.2,28.2,,,,,,,,,,26.0,1789,6.513333333333333,12.9,27.5,13.2,46.5,4.2,11.2,22.9,11.8,25.4,3,21.5,65070,138996,66536,235159,155113,413953,847584,436423,941170,112193,794499,,,,
2015,Mississippi,17.5,11.4,13.0,91.6,6.8,55.0,34.4,91.2,44.0,19.4,52.7,,6.2,63.9,19.1,35.5,64.5,7.9,21.3,17.4,74.3,41.7,11.7,43.2,46.7,44.1,50.4,,,,,,,,,,28.7,2173,8.7,6.2,28.9,15.8,49.2,10.8,9.2,13,7.9,31,5.8,22.4,19255,90111,49158,153465,209997,179135,253036,153563,605790,112812,438004,,,,
2015,Missouri,25.6,13.2,11.1,90.0,5.7,62.0,33.5,90.7,32.3,17.8,56.3,,9.2,52.5,21.2,25.3,74.7,7.5,,,,,,,46.8,28.1,36.8,,,,,,,,,,44.1,1402,9.3625,9.5,30.1,13.8,46.6,7.5,7.7,17.3,10.6,31,3.6,22.4,56632,178672,82094,276496,308053,316815,706922,433938,1269953,145571,915960,,,,
2015,Montana,26.3,13.9,8.4,83.7,4.8,63.0,25.6,89.6,25.8,14.9,50.7,,11.0,45.1,18.6,19.7,80.3,6.5,,,,,,,41.5,22.2,31.3,,,,,,,,,,20.7,277,9.381818181818183,6,35.5,16.2,42.4,4.4,8.6,20.4,10.2,31.5,2,22.8,6002,35650,16220,42521,31182,60796,144135,72039,222399,14391,161387,,,,
2015,Nebraska,31.0,13.5,7.3,88.6,4.2,64.6,34.6,90.8,29.9,13.5,57.0,,10.8,49.2,17.3,19.0,81.0,5.5,26.9,19.0,73.0,16.0,9.9,33.7,40.4,21.0,28.7,,,,,,,,,,34.8,3803,7.2,12.5,26.2,11.7,49.6,5.1,10.1,19.8,10.4,26.9,3.9,23.8,24133,50520,22584,95740,62768,125055,244556,127732,331868,47858,292746,,,,
2015,Nevada,26.7,17.7,7.3,84.7,4.9,60.6,28.8,89.4,27.2,14.6,41.5,,9.9,45.4,16.3,21.3,78.7,6.1,,,,,,51.7,35.9,29.7,31.2,,,,,,,,,,36.7,376,8.125,5,34.9,18.6,41.4,8,8.1,15.5,8.1,27.9,6.4,26,12761,88796,47331,105235,157660,159610,304948,158733,549151,125701,512364,,,,
2015,New Hampshire,35.7,18.3,9.2,87.5,4.2,66.6,29.0,93.6,25.8,13.1,53.1,,10.4,45.6,19.4,15.5,84.5,5.8,,,,,,,42.1,22.1,24.3,,,,,,,,,,24.8,598,6.739999999999999,12.2,31.8,11.1,44.9,4.9,9.7,21.9,13.7,28.5,1.9,19.2,15890,41363,14427,58383,46392,91199,205513,128800,267078,18249,179983,,,,
2015,New Jersey,32.1,14.4,9.6,87.2,4.5,55.1,29.3,93.7,29.7,11.7,50.2,,9.9,49.4,13.5,20.9,79.1,5.9,23.5,15.3,68.9,23.7,10.7,40.8,38.8,28.9,32.2,,,,,,,,,,25.5,432,9.061538461538461,15.2,27.2,11.6,45.9,5.8,6.4,23.3,14.3,28.5,5.2,16.6,120751,215678,92194,364141,355305,392077,1437307,880766,1757377,319454,1024098,,,,
2015,New Mexico,28.3,19.6,10.9,84.9,5.6,62.4,27.7,88.3,25.7,14.9,49.8,65.9,6.5,48.0,20.6,28.1,71.9,7.1,,,,,,,41.0,32.0,37.4,,,,,,,,,,19.8,2260,6.9,4.7,29.9,18.1,47.4,8.6,7.7,14.4,12.1,26.8,6.7,23.6,9689,62173,37642,98641,118788,106315,198116,166346,369807,92820,325356,,,,
2015,New York,35.1,17.3,11.2,87.0,5.2,58.9,27.9,92.5,32.4,13.3,51.9,,9.0,49.3,16.4,22.8,77.2,5.4,23.1,20.3,73.3,22.9,13.2,45.7,40.5,30.2,32.5,,,,,,,,,,19.9,483,7.935714285714286,15.8,26.2,11.9,46.2,7.4,8.5,20,15,26.5,6.6,16,305770,508223,231056,896102,1012572,1155067,2727078,2051385,3615023,903295,2177053,,,,
2015,North Carolina,22.7,14.0,11.1,89.6,6.0,64.0,32.0,94.4,31.2,15.7,58.4,73.4,7.7,56.9,20.2,27.0,73.0,7.1,,,,,,,45.7,35.2,39.9,,,,,,,,,,32.9,874,8.154166666666665,9.5,30.8,14.2,45.5,8.4,9.2,18.9,10.6,26.4,5,21.5,93967,305851,141265,451025,568846,623813,1277412,713645,1785510,340573,1452845,,,,
2015,North Dakota,33.2,12.5,6.8,90.1,4.2,61.9,34.1,91.0,31.6,15.2,51.3,,12.5,50.5,16.6,20.1,79.9,5.1,,,,,,42.6,39.7,18.3,30.6,,,,,,,,,,12.6,3174,5.766666666666667,13.1,26.3,10.3,50.4,3.8,13.1,21.5,7.7,27.6,3.7,22.7,12220,24590,9624,47163,18826,64255,105625,37778,135670,18142,111721,,,,
2015,Ohio,26.2,12.6,10.7,90.1,5.2,61.0,33.2,92.3,31.3,17.0,47.9,68.9,9.6,52.7,19.4,23.3,76.7,6.6,,,,,,45.5,45.6,30.5,34.8,,,,,,,,,,31.1,4643,10.138095238095238,9.7,32.7,13.7,43.8,7.3,8.6,16.8,10,33.7,3,20.6,105960,355266,149417,476502,579508,679330,1329009,786107,2664823,233766,1623927,,,,
2015,Oklahoma,19.1,10.2,13.2,88.1,6.3,66.1,34.2,90.0,39.0,19.3,57.9,,7.1,57.2,24.1,29.8,70.2,8.5,,,,,,47.6,46.2,34.0,43.8,,,,,,,,,,34.7,1498,7.855555555555554,7.6,32.4,16.9,43.1,8.4,7.4,16.5,8.1,31.6,4.3,23.7,29788,127197,66254,169139,215702,188756,421765,208239,808375,108956,606070,,,,
2015,Oregon,33.0,19.8,11.8,86.4,5.8,67.9,31.5,91.6,22.5,14.5,48.6,,9.6,47.3,25.8,23.8,76.2,6.4,23.0,16.3,74.2,31.8,11.1,42.8,43.3,23.6,34.8,,,,,,,,,,33.0,1652,8.690000000000001,9.7,30.2,15.2,44.9,6.3,8.8,20.2,12,23.4,3.7,25.8,35268,109704,55106,163286,176281,245431,566244,335423,654930,103304,722848,,,,
2015,Pennsylvania,30.3,12.5,9.7,89.1,4.9,62.4,33.9,93.5,32.5,14.9,54.0,,10.4,50.2,17.1,22.9,77.1,5.9,21.1,14.1,74.0,31.5,13.3,,47.3,27.7,32.4,,,,,,,,,,21.0,4012,10.923076923076925,11.8,32.8,12.4,43.1,7,8.3,18.1,11.6,35.7,3.3,16,142774,398081,150500,523401,620062,739478,1611499,1029524,3174802,297088,1423274,,,,
2015,Rhode Island,34.5,15.5,9.9,91.1,5.0,68.3,28.0,95.0,30.0,12.7,55.1,,9.2,51.8,18.7,20.6,79.4,6.0,,,,,,55.4,44.4,27.8,29.2,,,,,,,,,,28.8,453,7.5,13,28.5,9.7,48.7,6.8,8.5,19.3,13.4,28,5.5,18.5,14883,32621,11114,55722,49725,62153,141131,97687,204295,40319,134773,,,,
2015,South Carolina,23.0,11.8,12.5,89.4,6.0,62.0,32.8,92.7,31.4,15.9,52.0,69.4,8.2,58.5,21.7,26.0,74.0,7.4,23.4,17.7,72.4,34.9,10.6,44.2,48.3,35.7,38.6,,,,,,,,,,46.2,2453,7.877777777777778,8.7,33.8,12.8,44.8,9.2,9.4,17.3,9.5,29.4,4.4,20.7,42154,164465,62383,218004,306843,312720,575843,314398,977099,147012,685917,,,,
2015,South Dakota,25.2,10.3,6.0,90.3,4.1,60.5,32.4,90.6,25.8,15.8,61.7,69.9,9.1,47.5,15.2,19.5,80.5,5.3,,,,,,42.1,41.3,22.9,30.4,,,,,,,,,,34.8,421,6.533333333333333,9.7,30.2,14.2,46,5.4,11.1,19.6,7.9,31.2,3.4,21.3,8294,25843,12173,39371,30620,62294,110562,44323,175958,19422,119929,,,,
2015,Tennessee,23.7,13.5,13.1,89.2,6.7,63.5,33.6,92.7,35.4,21.3,51.6,69.3,5.3,59.8,21.8,29.8,70.2,7.8,24.6,17.2,71.0,36.4,12.0,49.0,50.6,33.2,40.6,,,,,,,,,,43.4,3122,8.306249999999999,9.1,36.4,10.5,44,8.6,6.7,16.1,9.6,33.1,5.3,20.5,57852,230156,66248,278756,386520,300500,719980,431100,1482137,237285,915965,,,,
2015,Texas,27.8,18.5,8.6,86.9,4.9,59.5,34.7,90.8,31.8,12.7,56.9,,8.8,51.4,18.7,26.2,73.8,6.3,,,,,,43.2,37.5,33.5,40.5,,,,,,,,,,38.2,8903,9.518181818181818,7.9,32.2,16,43.9,8.7,6.9,18.7,9.7,25.3,8.9,21.8,220899,896395,445677,1224498,1511574,1204220,3266266,1689108,4425654,1559568,3816471,,,,
2015,Utah,30.0,16.1,9.2,83.4,4.4,65.6,29.5,88.2,24.3,7.7,49.3,,6.5,44.1,20.7,17.8,82.2,5.2,24.2,20.6,71.2,28.4,7.5,39.1,39.9,22.0,27.3,,,,,,,,,,40.7,906,6.800000000000001,6.8,31,12.7,49.5,5.6,9.2,21.1,10.7,24.2,2.9,26.3,23356,105883,43390,169008,97817,159609,368302,186410,421822,49949,458040,,,,
2015,Vermont,34.3,18.8,9.1,86.7,4.6,65.8,26.9,92.9,26.0,13.2,51.3,,8.0,45.3,22.2,17.8,82.2,6.0,,,,,,,42.3,22.6,28.9,,,,,,,,,,25.6,2248,7.866666666666667,14.5,26.4,8.4,50.8,5.5,8.6,22.3,14.6,29,2.8,17.1,9758,17715,5619,34136,24166,37916,97824,64248,127127,12303,75070,,,,
2015,Virginia,26.6,14.1,8.4,89.0,4.4,63.7,32.2,93.6,29.8,13.8,53.2,73.3,8.6,52.7,15.5,20.1,79.9,5.7,21.9,16.1,71.0,30.0,10.8,52.8,40.7,27.5,30.5,,,,,,,,,,35.1,298,8.129411764705882,11.9,30.5,10.2,47.4,6.6,7.5,21.3,15.7,24.6,4.5,19.8,98748,252719,84270,392124,373316,426955,1209217,892827,1399157,256445,1127401,,,,
2015,Washington,31.5,17.9,9.9,81.7,4.8,66.5,30.0,91.1,21.1,13.4,52.0,,10.0,47.4,21.8,20.1,79.9,5.8,,,,,,,43.1,22.7,29.3,,,,,,,,,,44.4,3490,7.545454545454546,10.4,31.4,13.8,44.4,5.2,9.6,21.7,12.5,23.1,3.9,24,69623,209996,92652,296796,256378,471400,1059707,611186,1127649,191853,1171141,,,,
2015,West Virginia,17.6,9.3,14.3,89.1,7.1,62.0,37.0,93.1,36.2,20.1,60.0,77.1,5.3,59.7,21.4,34.7,65.3,9.0,23.4,15.9,72.4,33.2,13.7,46.1,55.8,38.4,46.2,,,,,,,,,,27.5,2087,9.663636363636362,8,37.2,11.6,43.2,9.5,6.9,11.7,7.9,40.7,4.5,18.8,13103,61194,18997,71040,124065,90019,152256,102158,529290,58050,244509,,,,
2015,Wisconsin,32.8,13.3,8.3,86.7,4.8,66.2,33.5,91.5,25.3,14.0,44.1,,13.8,46.8,17.3,19.3,80.7,5.9,19.8,16.1,73.4,22.5,11.3,44.3,40.0,24.2,29.7,,,,,,,,,,30.0,738,7.515384615384614,11.1,31.4,11.1,46.3,5.6,10.5,18.9,9.4,31.2,3,21.3,62369,176145,62206,259581,219265,411400,742544,369914,1223628,116279,835967,,,,
2015,Wyoming,26.1,14.6,9.8,86.0,5.1,61.5,30.0,90.8,29.3,15.1,43.0,,8.4,47.6,19.1,20.3,79.7,6.7,25.8,14.8,70.4,27.3,8.6,35.2,41.0,20.3,30.1,,,,,,,,,,24.2,151,4.824999999999999,4.6,34.1,15.5,45.7,5.8,10.9,17.3,9,28.8,2,26.3,2684,19757,8953,26466,22652,42212,67108,34926,111830,7773,102246,,,,
2016,Alabama,,,12.8,,6.4,59.0,36.0,,36.3,18.0,47.5,64.1,7.6,,22.6,30.6,69.4,7.5,,,,,,,,,,12.7,62.9,33.1,28.4,72.2,70.2,69.4,65.4,43.8,25.8,111,7.961538461538462,7.1,32.1,13.7,47.1,10.1,8.2,15.4,9.4,30.6,4.8,21.5,32904,148705,63369,218092,333897,271030,506680,308842,1011236,157797,711231,,,,
2016,Alaska,,,9.5,,5.3,60.4,32.2,,23.7,15.2,43.6,65.2,12.4,,13.5,19.2,80.8,5.2,,,,,,48.2,,,,17.0,76.1,33.7,22.3,63.6,64.5,67.2,71.2,27.7,45.0,2507,8.125,7.4,39.3,14.0,39.4,4.7,8.5,19.0,10.6,28.0,2.2,27.1,5600,29718,10553,29776,22585,40819,90861,50716,133928,10392,129650,,,,
2016,Arizona,,,10.8,,5.7,63.8,29.9,,29.8,13.5,45.2,,8.8,,17.7,24.8,75.2,7.0,22.9,17.2,67.9,38.2,11.0,,,,,11.6,74.1,31.8,24.1,68.9,65.0,52.2,70.4,37.3,41.3,1475,7.542857142857143,7.7,33.0,15.5,43.8,7.5,8.4,18.1,10.8,23.9,5.7,25.5,51685,222145,104586,294824,349224,390843,835779,500115,1105497,265215,1179736,,,,
2016,Arkansas,,,14.6,,7.2,63.1,34.3,,39.2,18.7,48.3,,6.8,,23.2,33.4,66.6,8.1,25.6,13.9,71.5,32.4,10.2,,,,,14.1,62.8,35.3,21.5,65.9,65.3,50.6,68.3,44.2,35.8,3082,8.566666666666666,7.6,33.1,15.6,43.7,9.0,6.7,14.2,8.2,34.3,5.0,22.6,22041,96237,45197,126965,179465,133315,282608,163225,681969,100157,449709,,,,
2016,California,,,10.2,,5.0,61.9,27.0,,24.3,9.5,46.0,,9.8,,15.1,25.0,75.0,6.5,19.1,,75.9,29.8,9.7,,,,,10.8,80.3,32.8,31.0,69.4,72.8,71.3,66.5,33.0,36.1,15570,8.980000000000002,10.0,29.9,11.7,48.4,7.8,7.7,20.6,12.3,20.5,9.7,21.3,386675,1151620,450516,1863716,2062516,2031775,5426164,3234306,5390935,2556147,5602398,,,,
2016,Colorado,,,8.6,,4.3,68.7,24.3,,18.8,12.5,53.1,,9.7,,18.2,17.6,82.4,5.1,21.3,14.6,70.0,28.6,12.1,,,,,11.4,80.9,37.8,33.2,63.5,68.1,67.3,74.5,26.2,34.7,1835,6.13076923076923,11.6,32.1,12.7,43.6,5.1,8.6,24.9,14.9,22.0,3.4,21.0,62229,171428,67785,233085,192377,322529,934273,558608,822144,128209,787366,,,,
2016,Connecticut,,,8.2,,4.3,62.6,28.4,,25.3,12.0,49.9,68.8,9.5,,15.9,18.3,81.7,5.8,22.1,13.4,68.0,21.7,12.7,49.8,,,,9.4,79.1,35.9,29.5,77.2,74.7,66.3,69.4,28.7,20.3,1035,7.3,15.5,29.5,9.4,45.5,5.4,7.5,21.9,16.7,27.5,4.1,16.8,55285,105267,33601,162400,133422,186288,541369,412219,678776,100513,415150,,,,
2016,Delaware,,,9.6,,4.3,64.5,33.2,,31.2,16.2,51.7,71.8,10.2,,17.1,20.5,79.5,6.0,,,,,,48.0,,,,10.2,72.0,36.9,33.8,76.9,72.5,72.5,67.2,33.9,27.4,329,7.966666666666666,9.5,34.7,16.8,39.0,7.3,7.9,18.4,12.6,32.1,3.4,18.4,8070,29575,14346,33290,48247,52228,121717,83352,212474,22347,122182,,,,
2016,Florida,,,10.4,,5.1,58.1,28.8,,34.7,13.5,45.9,69.6,10.0,,14.8,24.1,75.9,7.1,,,,,,,,,,10.0,70.2,31.4,28.8,72.7,68.4,68.2,68.7,39.4,21.5,7155,6.776470588235293,9.0,30.6,15.5,45.0,7.4,9.7,18.2,10.4,28.9,5.2,20.1,157916,539541,272853,793318,1092451,1429121,2675907,1532549,4249733,762762,2961148,,,,
2016,Georgia,,,11.2,,5.1,59.3,34.8,,35.7,16.7,44.9,,8.0,,18.2,25.8,74.2,7.0,24.3,15.5,69.6,36.8,7.3,,,,,10.8,65.6,28.7,27.3,72.6,64.0,70.8,66.8,38.0,44.8,4021,8.999999999999998,9.2,32.7,16.2,41.8,8.7,7.6,18.7,11.7,27.8,4.9,20.5,93673,331738,164569,424386,588019,518208,1270275,796001,1884080,334607,1394205,,,,
2016,Hawaii,,,7.5,,4.3,58.1,22.3,,24.0,10.1,47.8,64.5,11.0,,12.1,19.3,80.7,5.5,,,,,,,,,,9.3,82.2,32.6,32.0,72.0,71.3,70.5,57.2,30.2,20.1,445,6.975,9.8,41.3,7.3,41.7,4.4,10.5,21.4,10.6,28.0,3.6,21.5,12664,53587,9438,54166,43580,104261,211850,104743,277743,36083,212677,,,,
2016,Idaho,,,9.3,,5.1,62.2,29.1,,25.4,12.0,44.0,60.1,9.2,,13.7,22.0,78.0,6.4,,,,,,38.5,,,,11.5,76.7,30.9,26.1,60.8,63.4,57.1,74.0,30.2,31.3,1415,7.762499999999999,6.1,36.1,12.0,45.8,6.4,9.6,18.7,8.9,27.9,3.2,25.3,9738,57516,19133,73031,69695,104375,203363,97047,302866,34434,275485,,,,
2016,Illinois,,,9.8,,5.3,58.7,34.7,,30.1,13.8,47.1,67.8,10.8,,15.1,24.7,75.3,5.7,,,,,,,,,,11.2,74.8,30.1,28.6,70.8,64.1,71.0,71.3,31.3,33.9,607,8.26875,13.8,28.8,12.0,45.3,6.2,7.9,20.9,13.0,26.0,5.0,21.0,167952,349801,145713,550135,536517,682989,1813840,1128445,2250392,429910,1823126,,,,
2016,Indiana,,,11.3,,5.5,61.3,34.8,,33.8,19.4,46.7,,9.9,,15.4,24.9,75.1,6.5,,,,,,43.7,,,,12.8,68.8,30.6,26.9,66.1,64.6,60.4,67.3,34.2,25.4,3877,8.569565217391304,9.8,30.6,15.9,43.6,7.9,8.5,16.3,9.3,33.7,3.8,20.5,65037,203163,105641,289103,346757,374136,716293,408553,1481882,164742,900213,,,,
2016,Iowa,,,8.0,,4.2,66.0,34.8,,28.1,14.2,57.2,70.7,11.5,,13.5,18.9,81.1,5.3,,,,,,,,,,10.3,74.8,41.7,39.0,69.8,68.8,69.1,76.0,31.7,34.9,2678,7.464285714285714,10.8,27.3,11.2,50.7,5.1,11.2,19.1,9.3,31.1,3.2,21.0,34540,87694,35865,162607,105856,234055,398242,194920,649532,66242,438173,,,,
2016,Kansas,,,8.2,,4.3,65.0,33.2,,28.3,14.7,46.8,,8.1,,15.7,20.6,79.4,5.7,,,,,,43.6,,,,11.3,76.0,32.3,28.8,67.6,67.7,68.0,72.2,33.6,23.1,855,6.885714285714286,10.3,28.7,12.5,48.5,5.8,8.3,20.7,12.2,26.2,3.6,23.2,31021,86112,37611,145690,110352,157030,390861,230565,496294,68491,438343,,,,
2016,Kentucky,,,12.5,,7.0,62.1,35.1,,38.6,20.3,48.9,67.8,7.3,,23.2,32.2,67.8,7.9,,,,,,44.9,,,,13.1,59.0,35.1,30.3,70.8,70.9,68.2,64.2,48.5,35.1,1728,8.331249999999999,8.7,33.6,13.4,44.3,8.6,8.6,14.0,9.5,32.3,5.7,21.4,37134,144325,57422,190127,257735,256369,419081,283260,968299,170725,640040,,,,
2016,Louisiana,,,11.9,,6.1,59.7,36.7,,35.2,18.9,42.2,67.3,10.2,,20.2,30.8,69.2,6.8,,,,,,,,,,12.9,65.5,26.3,24.3,70.4,64.9,65.6,65.9,41.4,45.0,2195,8.207692307692309,7.4,35.5,17.5,39.7,10.4,6.0,15.2,8.2,34.0,5.2,21.0,33277,159445,78458,178185,325509,187288,473299,254607,1059273,160929,654115,,,,
2016,Maine,,,9.5,,5.0,66.7,31.9,,24.8,14.9,52.2,,9.1,,18.5,19.5,80.5,6.0,,,,,,54.7,,,,11.8,69.9,41.2,34.5,74.7,75.6,64.3,70.0,29.3,18.6,1708,6.385714285714286,10.9,32.1,11.6,45.4,5.0,9.8,18.8,11.3,32.9,2.7,19.4,12028,35260,12784,49887,48498,94984,181434,109704,318369,25640,187940,,,,
2016,Maryland,,,8.6,,4.2,64.7,32.8,,27.3,12.4,53.2,,8.2,,15.3,18.5,81.5,5.1,,,,,,,,,,10.0,76.4,35.1,29.4,72.2,70.1,66.0,66.8,29.2,17.4,1178,7.783333333333332,14.2,29.4,11.7,44.7,5.8,6.5,20.9,18.5,25.4,4.0,18.9,77668,161256,63879,244984,240623,268485,860491,760638,1046470,166606,779195,,,,
2016,Massachusetts,,,10.8,,4.6,67.3,26.6,,23.8,12.9,50.4,,9.1,,17.3,18.2,81.8,5.2,,,,,,53.9,,,,11.3,74.6,36.2,33.1,74.2,75.3,73.1,68.2,31.9,29.6,577,6.133333333333333,17.6,27.1,10.9,44.4,5.1,7.7,23.8,19.0,24.5,4.5,15.5,124139,190893,77062,313223,240370,363356,1124295,896051,1156496,212315,734632,,,,
2016,Michigan,,,10.3,,5.5,61.0,34.1,,28.3,16.7,45.7,,11.5,,20.4,22.6,77.4,6.7,,,,,,,,,,12.7,72.7,31.5,30.2,73.2,69.9,71.6,66.9,37.3,33.6,4249,7.505882352941177,9.8,29.2,13.4,47.6,6.6,9.3,17.2,11.1,29.3,3.0,23.6,95676,285514,130791,464734,444504,626128,1162737,747093,1978343,203405,1598192,,,,
2016,Minnesota,,,7.0,,3.9,66.1,31.1,,21.9,12.9,53.4,,13.1,,15.7,16.9,83.1,5.1,23.7,18.3,65.0,19.7,9.7,,,,,9.5,80.5,37.8,38.2,75.2,73.3,69.3,73.1,30.4,31.8,2219,5.635294117647058,13.4,27.2,11.9,47.5,4.1,11.5,23.1,11.7,25.2,3.0,21.4,67945,137660,60040,240401,152230,429762,860125,436859,937937,111658,796712,,,,
2016,Mississippi,,,12.4,,6.5,53.1,36.6,,37.7,19.6,48.0,64.6,6.5,,20.1,34.0,66.0,7.5,,,,,,,,,,13.1,54.7,32.1,25.8,66.0,61.3,68.7,67.9,49.5,30.0,2302,8.085714285714285,5.4,30.5,15.2,48.9,11.0,9.1,13.5,8.2,30.8,4.8,22.4,16622,94095,46877,150957,216010,177695,264865,161398,603335,94724,438995,,,,
2016,Missouri,,,10.4,,5.5,64.4,35.6,,29.2,18.2,53.1,,10.2,,20.9,24.2,75.8,7.2,19.2,14.2,77.1,34.9,10.4,51.6,,,,12.2,67.3,36.7,33.7,70.4,66.1,63.4,70.5,38.2,45.8,1485,7.833333333333333,9.8,30.8,13.4,46.0,7.1,7.9,17.7,10.8,30.7,3.3,22.5,57057,179241,78214,267410,292624,325244,729511,443139,1265386,137315,927795,,,,
2016,Montana,,,9.3,,5.2,65.2,27.3,,24.9,15.6,47.6,,11.0,,19.1,22.9,77.1,6.6,18.2,13.8,67.2,31.3,6.5,47.6,,,,12.0,72.7,34.6,29.0,68.9,61.8,65.7,74.3,38.3,22.6,314,6.625,8.4,35.5,11.1,45.0,5.3,9.3,20.9,10.1,29.0,1.9,23.6,8526,35947,11207,45550,37785,66134,148944,71662,206415,13453,168223,,,,
2016,Nebraska,,,7.6,,4.3,65.8,34.8,,28.6,13.9,54.2,66.6,10.8,,16.9,19.4,80.6,5.5,,,,,,,,,,10.6,77.4,37.3,33.3,66.9,65.4,64.8,74.6,32.3,37.2,4153,6.9,10.1,28.8,10.4,50.8,5.0,10.4,21.1,10.4,26.4,4.1,22.6,19093,54416,19623,96079,61935,129795,261931,129041,328348,51410,281360,,,,
2016,Nevada,,,12.3,,5.8,55.9,28.5,,29.5,16.2,41.4,66.1,8.8,,17.2,26.5,73.5,6.7,19.7,13.7,73.5,32.4,7.2,,,,,9.2,70.7,26.7,22.6,65.9,62.6,59.0,61.9,39.6,35.3,361,7.300000000000001,5.4,36.6,17.0,41.0,7.8,7.8,15.3,8.1,29.1,6.1,25.7,13536,92228,42936,103246,157641,156342,308547,163228,585057,122892,516903,,,,
2016,New Hampshire,,,8.5,,4.4,69.9,28.5,,24.4,11.7,51.1,,9.7,,18.1,17.1,82.9,6.0,,,,,,46.7,,,,10.9,76.8,40.0,30.2,75.5,75.0,57.5,70.9,29.5,26.2,634,5.08,15.5,31.7,10.4,42.4,5.0,10.3,22.5,14.1,27.0,2.2,18.9,19792,40329,13260,53987,47275,97488,213461,133217,256245,20623,179277,,,,
2016,New Jersey,,,10.3,,5.1,57.3,30.7,,34.0,13.8,48.7,,8.1,,13.2,24.3,75.7,6.4,20.4,14.1,71.3,33.8,11.7,49.7,,,,10.8,74.2,33.2,28.6,72.0,65.8,73.1,61.6,34.9,24.8,430,8.399999999999999,16.3,28.6,11.4,43.7,5.6,6.5,23.7,14.9,27.6,5.1,16.6,128796,225405,89644,345013,343494,400332,1460518,919284,1706073,317182,1024289,,,,
2016,New Mexico,,,11.8,,6.3,62.2,27.3,,25.4,13.2,48.1,66.3,7.7,,18.9,29.2,70.8,7.1,,,,,,44.3,,,,13.9,71.7,31.7,25.0,63.8,59.4,63.2,70.3,39.5,21.1,2435,7.733333333333332,6.2,30.0,17.1,46.7,8.5,8.4,15.5,11.7,26.6,6.1,23.2,12497,60024,34213,93386,118426,116674,215691,162542,370508,84515,323025,,,,
2016,New York,,,9.4,,5.1,59.8,28.4,,29.7,12.1,49.4,69.5,10.0,,11.8,23.8,76.2,5.5,20.0,16.4,72.5,35.4,15.8,46.6,,,,11.5,73.6,31.8,32.0,69.2,68.9,73.8,64.0,32.4,23.5,583,6.507142857142857,16.3,26.3,11.7,45.8,7.3,8.7,20.1,15.5,26.2,6.3,15.8,310771,502339,224093,875108,1002316,1191816,2749619,2118193,3574814,865976,2150858,,,,
2016,North Carolina,,,10.8,,5.2,63.8,32.9,,28.5,15.4,54.1,,7.6,,19.6,24.9,75.1,7.2,,,,,,46.2,,,,11.5,66.2,40.0,34.8,73.0,73.1,72.5,68.3,36.0,24.6,686,8.375,10.3,31.9,14.0,43.9,8.1,9.5,19.6,10.8,25.8,4.6,21.6,99895,309990,135878,426946,553627,654866,1345615,745490,1775886,319570,1482131,,,,
2016,North Dakota,,,6.0,,4.0,63.9,35.1,,29.9,16.0,49.6,,12.9,,13.0,20.4,79.6,4.9,16.8,11.9,67.3,22.0,13.1,,,,,10.3,73.9,32.9,33.1,70.3,65.2,63.2,75.0,28.2,13.1,3349,3.1444444444444444,12.2,31.3,7.0,49.5,4.8,13.6,21.7,7.8,27.1,2.8,22.1,10822,27642,6189,43690,23917,67554,107578,38745,134178,13827,109216,,,,
2016,Ohio,,,10.6,,5.1,64.6,33.6,,33.2,18.8,48.1,,8.9,,15.7,23.8,76.2,6.4,21.5,13.5,75.4,34.2,15.7,,,,,10.0,68.4,33.4,31.1,70.8,66.7,69.8,65.2,35.3,33.4,5031,8.582608695652175,10.1,33.8,13.7,42.4,7.2,8.6,17.2,10.3,33.3,2.8,20.6,109078,366241,148155,459867,568107,682507,1362205,817476,2639028,222209,1630529,,,,
2016,Oklahoma,,,12.6,,6.1,65.5,33.6,,36.7,15.8,54.3,64.1,6.3,,21.2,26.8,73.2,7.7,,,,,,,,,,11.9,66.7,35.4,30.7,67.2,60.1,63.8,68.9,44.0,36.1,1590,7.662500000000001,6.7,34.9,16.0,42.5,8.2,7.9,16.8,8.4,31.2,4.0,23.5,26015,136011,62371,165572,209774,203590,432922,215743,802529,103252,603826,,,,
2016,Oregon,,,9.8,,4.8,67.3,30.1,,21.1,13.6,43.4,66.4,9.3,,21.8,19.3,80.7,5.9,24.2,15.2,73.2,29.3,11.3,44.3,,,,12.0,76.0,31.4,28.6,64.3,70.3,62.2,72.6,32.2,34.8,1786,6.644444444444445,10.0,30.8,12.7,46.5,6.0,8.6,20.0,12.7,22.9,3.7,26.1,36774,113029,46586,170878,171461,244515,572508,362022,655893,106021,745532,,,,
2016,Pennsylvania,,,10.2,,5.2,64.0,32.9,,29.3,15.0,53.7,,12.2,,16.9,22.5,77.5,5.9,,,,,,,,,,12.6,70.2,39.1,34.2,69.7,69.1,66.8,65.9,32.8,21.7,4185,9.440740740740738,12.2,33.7,12.1,42.1,6.6,8.2,18.8,12.0,35.1,3.2,16.0,144614,400098,143157,499538,591181,730217,1676971,1070766,3132444,289165,1431231,,,,
2016,Rhode Island,,,10.8,,4.9,66.6,29.9,,30.1,13.4,53.3,,8.7,,20.7,19.9,80.1,6.0,,,,,,,,,,11.2,75.9,40.4,28.2,78.5,73.2,62.8,65.6,30.8,26.7,422,6.3,13.6,29.9,11.1,45.4,6.2,8.2,20.6,13.5,27.8,5.2,18.4,15493,33953,12621,51674,45778,60183,151195,99070,204045,38405,135369,,,,
2016,South Carolina,,,13.2,,6.1,60.2,33.0,,33.5,17.0,50.3,69.5,9.8,,22.2,27.7,72.3,7.5,,,,,,,,,,13.0,65.0,33.9,29.9,70.4,70.2,68.4,66.9,40.8,45.3,2481,8.366666666666667,9.0,32.9,13.6,44.5,9.0,9.4,17.4,9.8,29.0,4.4,21.0,42697,155741,64084,210157,304737,317549,591086,331420,981669,148917,713098,,,,
2016,South Dakota,,,6.6,,4.4,63.3,30.9,,26.0,15.5,54.9,66.4,10.3,,14.4,18.7,81.3,5.5,15.5,12.6,70.0,33.2,9.9,,,,,8.9,72.2,37.8,36.8,74.5,66.7,65.8,77.6,31.7,37.1,449,4.766666666666667,9.8,29.1,14.2,47.0,5.6,11.5,19.6,9.2,29.0,3.2,21.8,8361,24915,12127,40256,31736,65093,111002,52259,163910,18275,123619,,,,
2016,Tennessee,,,12.5,,6.5,62.3,34.5,,36.5,20.4,46.6,,6.1,,21.8,29.9,70.1,7.4,29.4,18.9,74.8,35.9,11.4,48.3,,,,12.5,64.3,32.0,28.4,69.4,67.7,66.4,68.5,42.0,44.2,3250,8.0,9.9,35.5,11.6,42.9,8.3,7.3,16.7,9.4,32.4,4.8,21.2,61441,220641,72269,266393,374024,328595,756055,426800,1465937,216289,959498,,,,
2016,Texas,,,9.9,,5.3,58.4,35.4,,32.4,13.8,45.8,,9.3,,13.3,27.8,72.2,6.2,21.9,20.8,78.4,36.2,11.7,,,,,10.7,76.5,28.8,25.4,64.5,60.9,67.8,70.7,37.6,37.8,9135,8.938461538461539,8.9,32.4,15.1,43.7,8.5,7.1,18.9,10.0,25.2,8.6,21.8,247857,905685,421608,1220472,1506376,1259574,3362678,1773009,4474711,1529632,3869300,,,,
2016,Utah,,,8.7,,4.6,64.8,30.4,,21.8,7.2,47.1,,5.7,,20.5,16.6,83.4,5.1,24.5,18.5,68.2,33.5,9.3,43.5,,,,10.8,81.1,34.9,27.8,69.3,71.3,63.7,71.4,31.0,39.3,904,7.619999999999999,6.6,30.6,12.2,50.6,5.4,10.0,21.4,11.2,22.7,2.9,26.5,22777,106080,42271,174998,95408,178193,381130,199805,404605,51995,472108,,,,
2016,Vermont,,,10.2,,4.9,68.4,28.7,,24.6,12.2,49.5,,9.7,,19.9,17.2,82.8,6.4,,,,,,43.0,,,,12.3,73.5,34.8,27.6,72.0,72.5,57.2,72.7,29.5,26.8,2408,5.633333333333333,11.6,31.6,9.4,47.4,5.3,9.2,21.1,15.2,29.3,2.5,17.3,7695,20940,6238,31474,23483,40499,92871,66984,128767,11087,75872,,,,
2016,Virginia,,,8.5,,4.8,64.8,32.0,,27.8,14.1,51.2,72.0,8.0,,15.6,21.7,78.3,6.1,,,,,,,,,,9.7,72.7,35.4,33.7,73.4,70.4,73.3,67.4,31.9,35.8,310,7.158823529411764,12.9,30.6,10.7,45.8,6.4,7.7,21.7,16.4,24.0,4.3,19.5,106371,251929,87711,377064,366738,438669,1241751,936934,1372836,247576,1116669,,,,
2016,Washington,,,9.2,,4.8,67.9,30.5,,20.5,11.4,49.0,,9.6,,20.7,19.1,80.9,6.0,,,,,,45.8,,,,12.6,79.4,35.5,27.2,70.0,70.4,51.7,70.7,31.7,40.7,3269,6.463636363636363,12.0,30.5,15.2,42.4,5.3,9.8,22.0,13.2,22.3,3.8,23.6,79220,201749,100490,280925,266656,491450,1098509,657201,1111786,192181,1178772,,,,
2016,West Virginia,,,14.5,,7.3,63.3,39.2,,34.9,19.8,57.2,73.0,5.6,,23.5,34.8,65.2,8.4,,,,,,,,,,12.2,52.8,40.5,34.6,72.2,67.5,67.3,62.8,52.7,29.6,2256,8.24,8.1,34.9,12.5,44.5,9.6,7.4,12.6,8.2,39.7,4.4,18.1,13147,56707,20307,72301,123866,95794,162243,106514,512228,57435,233677,,,,
2016,Wisconsin,,,10.0,,5.1,67.0,34.9,,24.3,14.7,42.4,70.5,15.4,,15.7,19.9,80.1,6.0,,,,,,,,,,10.8,75.4,31.5,30.1,69.9,73.7,68.7,70.9,29.7,31.7,786,6.564285714285714,11.5,31.6,10.7,46.1,5.4,10.7,19.3,10.2,31.1,2.7,20.7,64616,177350,60137,258286,210940,420412,758503,401672,1222607,106804,812391,,,,
2016,Wyoming,,,10.3,,4.6,60.3,29.1,,28.0,14.1,46.5,,9.1,,13.4,20.6,79.4,6.1,,,,,,,,,,11.2,73.8,31.2,26.5,61.5,61.4,59.8,71.6,33.6,21.2,138,4.538461538461538,6.7,32.4,15.9,45.0,5.4,11.7,17.4,9.7,29.3,1.5,25.1,3583,17450,8584,24230,20940,45601,67845,38072,114624,5751,97961,,,,
2017,Alabama,24.1,11.1,13.3,90.6,6.9,63.9,36.7,94.8,38.9,16.7,51.4,66.2,6.9,61.8,23.3,33.0,67.0,8.3,,,,,,,51.4,37.5,44.3,,,,,,,,,46.4,22.1,98,8.35,6.6,34.2,13.5,45.6,9.4,8.4,16.0,9.6,31.1,4.2,21.4,31207,161311,63810,214751,309557,278878,528019,316685,1029982,137386,709100,,,,
2017,Alaska,35.5,18.8,7.3,77.3,4.9,60.5,35.4,90.6,25.9,17.7,40.3,66.9,13.0,49.6,16.2,20.0,80.0,5.6,23.1,18.5,71.7,31.0,7.9,,39.0,21.8,31.0,,,,,,,,,28.3,45.2,2563,7.275,6.5,38.2,14.3,41.0,5.4,8.9,18.0,10.8,27.6,3.0,26.4,4779,27892,10416,29966,25790,42724,86444,52240,133132,14246,126985,,,,
2017,Arizona,32.5,14.5,10.3,87.4,5.5,66.3,29.5,94.6,30.1,14.5,47.0,67.9,9.0,48.7,18.8,24.5,75.5,7.0,,,,,,,41.1,29.3,36.1,,,,,,,,,36.3,39.4,1436,8.1375,7.6,33.6,16.3,42.4,7.4,8.7,18.3,11.0,24.1,5.4,25.0,51162,226131,109734,285153,350198,408070,863062,520030,1136493,254700,1178809,,,,
2017,Arkansas,26.2,16.0,12.9,90.2,6.5,64.1,35.1,94.8,38.0,16.4,51.2,66.6,7.1,60.1,22.4,32.4,67.6,7.1,,,,,,,47.6,32.9,43.0,,,,,,,,,46.0,35.1,3058,8.333333333333334,7.9,34.3,13.3,44.5,8.7,7.1,15.0,8.4,34.0,4.6,22.1,22581,98609,38290,127968,174807,143522,301294,168820,683285,92735,443935,,,,
2017,California,39.5,16.5,9.4,83.2,5.0,66.6,28.8,95.8,22.1,9.9,49.1,,11.3,48.8,18.9,24.0,76.0,6.6,,,,,,,36.5,28.4,31.7,,,,,,,,,33.4,37.1,16238,10.865909090909092,10.6,30.9,10.5,48.0,7.5,7.8,21.1,12.6,20.8,9.2,21.1,403028,1174092,399555,1823319,1989309,2070661,5616449,3359798,5541182,2459993,5641881,,,,
2017,Colorado,36.1,17.4,8.4,81.9,4.4,69.2,25.3,94.2,20.8,12.2,52.9,,9.3,42.8,16.1,17.3,82.7,5.3,,,,,,,38.8,20.2,27.1,,,,,,,,,28.1,34.2,1830,6.692857142857142,12.5,32.3,11.3,43.9,5.0,8.2,26.0,15.2,21.3,3.4,20.9,65174,168994,59021,229538,190285,313309,994894,579803,815595,129351,798831,,,,
2017,Connecticut,38.3,16.6,9.0,87.7,4.3,65.0,28.8,97.2,25.9,10.6,53.4,,9.4,47.4,16.3,18.9,81.1,5.4,,,,,,,38.8,24.5,28.1,,,,,,,,,29.6,20.4,1077,6.14,17.1,28.2,10.6,44.2,5.5,8.1,21.4,17.3,27.1,4.1,16.5,60078,99162,37246,155566,137225,201193,533791,430816,676911,102064,411854,,,,
2017,Delaware,32.4,12.8,11.0,88.0,5.2,67.5,35.6,96.3,34.4,13.5,55.4,74.4,8.5,53.4,17.9,22.7,77.3,6.8,,,,,,,39.9,33.5,33.4,,,,,,,,,38.2,30.5,377,8.066666666666668,9.0,33.7,11.9,45.3,6.0,7.7,18.0,13.5,32.4,3.5,19.0,7587,28306,10012,38035,40091,51777,121442,90641,218309,23460,127966,,,,
2017,Florida,33.4,13.7,11.5,86.8,5.3,59.6,29.3,95.0,33.5,14.9,48.6,72.8,10.0,52.3,18.9,26.2,73.8,6.8,,,,,,,40.7,36.1,38.1,,,,,,,,,40.5,20.7,6980,7.5874999999999995,9.2,31.1,15.2,44.5,6.9,10.0,18.9,10.8,28.8,4.7,19.9,162959,547776,268822,783886,1035042,1507434,2839500,1614992,4330040,710891,2982278,,,,
2017,Georgia,29.4,13.6,9.5,90.7,5.0,61.6,33.9,95.3,37.1,14.9,48.2,69.1,7.4,52.6,16.8,25.2,74.8,6.7,,,,,,39.6,39.6,33.6,37.9,,,,,,,,,38.5,46.0,4290,8.950000000000001,9.1,34.3,15.3,41.2,8.4,7.8,19.0,11.9,28.1,4.5,20.2,93200,349387,156032,419969,580411,540564,1311611,819867,1936501,313025,1394047,,,,
2017,Hawaii,35.4,18.7,8.6,87.1,4.2,62.5,22.6,95.0,25.1,9.1,51.9,66.4,11.7,48.1,11.5,18.9,81.1,5.4,19.2,19.0,68.1,31.0,17.2,33.2,35.4,19.3,26.3,,,,,,,,,30.0,19.7,465,5.550000000000001,8.4,40.6,6.5,44.5,4.3,10.7,21.7,11.2,28.1,3.5,20.5,10416,50218,8019,55144,42636,106987,216993,111687,280494,34495,204452,,,,
2017,Idaho,34.4,15.8,8.9,81.5,4.9,64.1,31.7,91.1,28.0,12.0,45.0,,8.7,48.4,20.2,20.1,79.9,6.3,,,,,,,42.0,20.5,29.1,,,,,,,,,32.1,35.3,1597,10.525,6.7,35.8,14.3,43.2,5.9,9.7,18.2,8.5,28.2,3.3,26.3,10830,58025,23129,69886,65058,107505,202800,94858,313029,36681,291857,,,,
2017,Illinois,37.1,15.8,9.4,87.2,5.1,62.9,35.7,95.4,28.5,14.3,45.6,,12.0,51.9,17.3,23.7,76.3,5.5,,,,,,,42.1,25.6,33.3,,,,,,,,,31.8,36.6,672,8.83125,12.7,29.2,13.0,45.1,6.0,8.0,21.0,13.4,26.1,4.9,20.6,152636,350882,155690,540668,525386,692672,1829903,1167902,2272174,424494,1794526,,,,
2017,Indiana,30.6,15.0,11.6,88.7,5.6,63.4,36.7,94.5,33.5,18.4,46.6,72.0,9.3,54.7,21.7,26.7,73.3,6.4,,,,,,,46.0,29.3,39.4,,,,,,,,,35.4,25.6,4021,8.33913043478261,10.2,33.5,15.0,41.3,7.7,8.9,17.0,9.8,32.7,3.6,20.2,66890,220384,98612,271584,343724,394092,753268,436190,1450767,161138,896138,,,,
2017,Iowa,33.5,13.8,8.3,86.6,4.5,70.3,38.3,94.4,30.3,14.6,56.7,,11.5,50.4,18.0,20.1,79.9,5.7,,,,,,,40.9,20.3,30.1,,,,,,,,,33.3,35.3,2771,7.576923076923076,11.5,28.3,10.5,49.6,4.8,11.6,19.4,9.5,30.5,3.1,21.0,36967,91121,33800,159564,100027,242738,406630,199190,639230,65578,440516,,,,
2017,Kansas,32.1,14.9,9.4,87.7,4.9,66.3,33.4,94.3,32.4,14.3,47.4,,8.9,52.1,19.8,22.1,77.9,5.8,23.6,15.0,73.2,28.8,10.9,,40.8,24.4,34.2,,,,,,,,,35.4,24.3,894,7.642857142857143,10.6,29.1,11.9,48.3,5.5,8.8,21.2,12.6,25.8,3.5,22.7,31496,86136,35316,143072,104758,167548,403542,239200,490769,66505,432206,,,,
2017,Kentucky,24.8,11.3,14.3,90.2,7.3,63.4,35.1,93.2,41.2,20.7,51.2,70.9,6.9,58.9,24.3,34.2,65.8,7.9,,,,,,,48.8,36.5,47.0,,,,,,,,,47.9,35.0,1765,7.968750000000001,8.9,37.6,11.6,41.9,8.2,8.0,14.0,9.9,33.0,5.4,21.3,37267,158218,48730,176417,248251,241585,423916,299636,997060,164235,644270,,,,
2017,Louisiana,28.5,11.5,13.2,90.3,6.7,62.8,38.7,95.3,35.9,18.6,44.3,67.5,11.1,59.6,20.6,31.0,69.0,7.4,,,,,,,44.6,37.6,44.8,,,,,,,,,43.2,43.7,2188,8.446153846153846,7.8,32.6,17.9,41.6,10.0,5.9,15.5,8.3,34.0,4.9,21.4,35687,148185,81544,189398,311048,185409,482439,260086,1061526,152771,666998,,,,
2017,Maine,38.9,19.0,10.1,84.2,5.1,70.8,31.0,94.7,28.8,13.4,54.7,68.8,9.9,49.1,23.2,19.4,80.6,6.2,,,,,,,45.1,21.2,28.7,,,,,,,,,28.7,19.9,1841,6.142857142857143,9.9,33.4,11.5,45.2,5.1,10.3,19.9,12.1,30.9,2.6,19.0,10860,36781,12671,49653,49213,100214,193860,117747,300716,25574,184416,,,,
2017,Maryland,35.8,16.2,9.7,89.9,4.4,68.4,34.2,97.0,29.3,12.3,56.3,74.5,8.5,52.3,16.8,19.3,80.7,5.8,23.6,14.7,65.1,29.2,9.4,54.3,42.4,24.6,29.1,,,,,,,,,29.6,17.1,1191,7.709090909090909,13.5,31.1,10.5,44.9,6.1,6.8,21.3,18.3,24.5,4.0,18.9,72561,167249,56430,241383,254504,285379,889090,763490,1020828,165505,788808,,,,
2017,Massachusetts,38.1,16.6,9.9,86.7,5.1,66.8,28.4,95.6,30.0,13.7,50.0,,10.8,46.7,18.0,20.4,79.6,5.3,,,,,,,39.9,26.7,30.5,,,,,,,,,34.0,30.4,601,6.433333333333333,18.1,26.5,10.9,44.5,4.9,7.5,23.9,19.5,24.3,4.3,15.5,126936,185337,76449,311940,235318,360700,1146586,932085,1163526,207140,743218,,,,
2017,Michigan,33.8,11.5,11.4,87.5,5.9,64.1,35.5,95.7,29.7,16.9,48.5,68.5,10.8,52.6,22.1,23.7,76.3,7.1,23.6,17.5,73.8,29.1,10.6,40.8,48.5,30.7,34.5,,,,,,,,,38.6,34.5,4428,7.641176470588236,10.6,31.5,12.4,45.5,6.3,9.5,17.6,11.5,28.9,2.8,23.4,102204,305104,119587,440245,427082,649916,1201375,784189,1969839,192884,1594025,,,,
2017,Minnesota,36.9,14.2,7.0,86.6,3.9,67.4,31.0,93.9,28.5,12.9,54.2,62.1,11.5,42.5,17.0,16.7,83.3,5.0,,,,,,,33.7,19.3,27.3,,,,,,,,,30.8,34.9,2474,6.152941176470589,14.3,27.7,12.0,46.0,3.9,11.3,23.5,12.5,24.8,3.0,20.9,71730,138410,60244,230024,147197,426760,888880,473246,938908,114437,788988,,,,
2017,Mississippi,26.2,12.0,14.0,90.5,7.2,61.5,38.4,94.1,38.3,20.5,44.3,66.3,7.5,61.5,19.3,35.8,64.2,7.5,,,,,,43.6,47.2,40.6,48.3,,,,,,,,,45.1,32.3,2545,8.085714285714285,7.2,30.7,15.5,46.6,10.8,10.1,13.5,8.3,30.4,4.8,22.0,22333,95371,47970,144532,211478,198080,265220,163277,595611,94490,431185,,,,
2017,Missouri,26.7,10.9,10.6,88.3,5.7,66.5,34.3,94.1,33.5,17.1,54.1,69.9,9.8,50.7,19.9,25.2,74.8,7.2,,,,,,,45.3,28.2,36.7,,,,,,,,,40.8,49.5,1626,8.122222222222224,10.5,33.0,12.0,44.5,7.2,7.9,17.9,11.1,30.8,3.1,22.0,60525,189900,69061,256110,298467,326430,743797,462042,1277505,129072,912962,,,,
2017,Montana,27.5,11.5,10.5,83.5,5.4,66.9,26.9,90.6,30.7,13.7,49.8,66.0,10.8,43.5,18.6,21.8,78.2,6.9,,,,,,,39.3,24.8,32.6,,,,,,,,,39.1,20.9,285,10.0,9.4,38.4,12.2,40.1,4.8,9.1,21.7,10.6,28.1,2.2,23.5,9080,37224,11805,38823,34574,65772,157326,76491,203141,16155,170207,,,,
2017,Nebraska,34.8,14.7,8.0,89.1,4.4,68.4,35.8,94.2,29.1,12.7,57.6,,10.3,49.9,17.6,19.7,80.3,5.4,,,,,,,41.5,18.7,28.4,,,,,,,,,32.8,37.3,4289,7.75,11.2,29.3,10.1,49.3,4.8,10.2,20.9,10.8,26.3,3.9,23.1,20790,54651,18896,91888,60668,128547,263330,135450,331081,48755,291423,,,,
2017,Nevada,26.4,10.0,11.2,84.6,5.7,58.9,27.4,91.5,30.9,19.9,43.8,69.4,9.4,53.8,17.3,25.8,74.2,6.4,,,,,,,35.9,29.4,35.9,,,,,,,,,39.9,36.5,387,7.449999999999999,5.7,40.4,14.9,39.0,8.0,8.0,16.5,8.4,28.7,5.2,25.1,14375,101302,37432,97793,165663,165508,340110,173170,592846,107354,518529,,,,
2017,New Hampshire,39.3,17.5,8.6,88.1,4.6,70.1,29.1,95.5,26.5,11.0,52.5,69.4,9.0,45.8,19.4,16.5,83.5,5.7,,,,,,,42.0,21.9,26.1,,,,,,,,,29.7,28.5,698,4.86,12.8,32.5,9.7,45.0,5.1,10.2,22.6,14.3,28.0,1.9,17.9,16256,41149,12260,56930,48396,97978,216750,137142,268564,18164,171011,,,,
2017,New Jersey,34.7,13.7,10.8,87.9,5.0,60.8,28.7,96.0,32.9,12.3,50.4,72.5,10.1,50.2,15.3,22.5,77.5,6.4,20.2,13.5,70.2,28.8,16.4,41.8,37.7,29.8,33.4,,,,,,,,,34.9,24.8,436,8.500000000000002,16.4,28.7,10.8,44.1,5.3,6.7,24.2,15.6,27.2,4.8,16.3,130043,227024,85464,349779,330076,418148,1506899,969808,1696858,298109,1014640,,,,
2017,New Mexico,33.4,12.8,12.2,85.2,6.0,64.6,27.8,92.1,28.9,15.4,48.0,69.8,8.4,47.1,20.5,28.1,71.9,7.2,22.4,17.9,69.9,35.0,11.2,,40.5,30.7,40.8,,,,,,,,,37.7,23.6,2829,8.366666666666667,5.9,32.7,17.6,43.8,8.1,8.4,15.2,11.8,26.6,5.8,24.0,12295,67560,36365,90653,112760,117531,211995,164505,370599,80805,333280,,,,
2017,New York,37.6,15.3,10.4,87.3,4.9,62.6,29.2,95.7,29.2,13.3,50.2,,10.7,47.0,16.0,23.4,76.6,5.5,23.2,18.6,74.7,29.0,11.3,47.2,40.2,31.3,34.6,,,,,,,,,31.9,22.7,572,6.657142857142857,16.9,26.3,11.4,45.5,7.3,8.8,20.2,15.8,26.3,6.1,15.4,317419,492130,212967,852254,1012659,1218132,2794920,2185242,3634065,842286,2133828,,,,
2017,North Carolina,28.6,14.3,12.2,89.4,5.7,62.6,34.2,92.9,30.8,14.9,55.2,73.9,8.0,56.2,20.2,25.2,74.8,7.2,,,,,,,40.5,33.7,37.7,,,,,,,,,39.2,27.3,779,7.787499999999999,9.9,31.0,13.6,45.5,7.7,9.4,20.1,11.2,25.8,4.5,21.3,97450,303646,133754,446194,539055,658224,1406739,783940,1800555,314734,1487938,,,,
2017,North Dakota,34.2,14.4,7.0,89.1,4.4,66.2,35.4,93.1,32.3,16.5,49.9,66.1,13.0,49.8,16.8,21.0,79.0,4.9,,,,,,,40.8,17.9,29.5,,,,,,,,,28.6,13.2,3521,5.55,14.0,31.9,8.4,45.7,4.3,13.4,21.8,9.0,26.4,2.8,22.4,12109,27522,7269,39453,21087,66236,108045,44394,130900,13936,111306,,,,
2017,Ohio,29.6,11.6,10.7,88.9,5.6,65.2,34.9,93.2,34.2,17.4,52.2,,10.4,51.8,19.2,24.1,75.9,6.5,,,,,,,46.1,27.7,34.0,,,,,,,,,37.3,33.6,5117,8.282608695652176,10.0,34.0,13.1,42.9,7.0,8.8,17.3,10.6,33.3,2.7,20.2,107622,365448,140371,461286,559456,698820,1381934,849416,2661209,218232,1612818,,,,
2017,Oklahoma,21.4,9.2,13.1,89.3,6.3,71.3,37.1,92.9,37.9,15.7,56.2,66.5,5.5,58.7,23.1,28.1,71.9,7.4,25.9,14.0,74.2,29.5,10.3,,45.7,31.7,41.4,,,,,,,,,46.6,39.3,1752,8.11,7.3,34.2,15.2,43.3,7.9,8.1,16.9,8.6,31.1,4.1,23.3,27964,130899,58141,165963,204039,208717,437243,223293,804245,104975,603902,,,,
2017,Oregon,37.7,19.1,12.0,82.5,5.7,73.1,32.7,94.0,25.2,14.0,45.4,68.4,9.5,47.1,23.1,21.6,78.4,6.7,20.4,13.6,77.2,31.4,11.5,47.5,43.4,22.9,32.3,,,,,,,,,36.2,36.0,1850,11.755555555555556,8.6,31.8,15.2,44.5,5.5,8.8,21.0,12.7,23.2,3.5,25.2,31480,116824,55844,163659,159928,255783,609160,369257,673810,102453,730804,,,,
2017,Pennsylvania,33.1,13.6,10.8,88.9,5.5,65.8,35.2,94.6,29.1,16.2,53.8,70.2,9.9,49.7,18.4,23.9,76.1,6.3,,,,,,,46.7,26.7,33.0,,,,,,,,,33.2,21.7,4213,9.735714285714286,13.0,33.9,12.0,41.1,6.3,8.3,18.9,12.5,35.0,3.2,15.8,153379,399453,141464,485428,560910,747997,1697397,1119839,3134497,283386,1416816,,,,
2017,Rhode Island,35.9,15.1,11.8,90.6,5.2,71.0,32.2,97.2,29.9,12.8,54.9,72.4,9.3,51.5,21.3,21.7,78.3,6.5,24.2,14.5,73.2,24.3,11.2,,44.1,26.0,28.8,,,,,,,,,34.0,27.3,435,6.0,10.7,32.2,8.3,48.8,6.6,8.0,20.3,13.1,29.9,5.1,16.9,12354,37279,9656,56409,48991,58876,149699,96825,220613,37301,124664,,,,
2017,South Carolina,28.1,10.7,12.7,88.7,5.8,65.0,34.2,95.1,31.7,16.1,51.8,71.1,8.7,58.8,21.4,25.8,74.2,7.0,,,,,,,46.3,33.1,38.0,,,,,,,,,39.0,44.9,2549,7.722222222222222,9.0,33.4,13.0,44.6,8.6,9.6,17.6,10.4,29.5,4.0,20.3,43016,159895,62143,213744,295539,330153,607024,357316,1016072,139309,698438,,,,
2017,South Dakota,31.1,12.3,7.1,88.8,4.8,67.9,35.2,93.1,30.7,13.8,56.3,70.0,9.4,47.8,14.9,20.2,79.8,5.9,,,,,,,36.2,22.3,31.7,,,,,,,,,33.8,36.9,444,5.6,11.9,28.6,14.2,45.3,5.4,10.8,19.1,9.0,30.8,2.9,22.0,9704,23449,11646,37080,30795,62204,109803,51935,176709,16831,126282,,,,
2017,Tennessee,30.0,14.8,11.8,88.8,6.3,64.3,34.1,95.4,35.5,20.4,46.8,,6.4,58.0,23.1,31.3,68.7,6.9,,,,,,,48.4,35.0,44.1,,,,,,,,,42.4,46.7,3522,7.8933333333333335,9.5,35.5,12.4,42.6,7.8,7.2,17.2,10.1,32.4,4.4,20.8,59052,219736,76587,263904,359348,332593,790840,463322,1488080,200536,953734,,,,
2017,Texas,29.3,15.0,11.7,86.4,5.2,62.7,35.0,94.8,36.8,13.5,47.3,66.7,8.7,55.0,20.9,27.5,72.5,6.4,,,,,,,40.3,35.8,40.1,,,,,,,,,36.7,38.5,9545,9.023076923076925,8.6,33.2,15.0,43.2,8.2,7.3,19.3,10.3,25.1,8.1,21.7,240292,926602,417459,1205734,1496019,1323957,3510311,1861178,4552676,1473004,3932201,,,,
2017,Utah,36.0,13.1,8.5,82.9,4.7,67.5,29.8,92.9,25.2,7.7,48.1,,6.1,45.5,20.3,19.7,80.3,5.4,23.9,17.4,70.9,26.3,9.4,41.9,39.3,21.9,30.6,,,,,,,,,34.0,42.1,991,8.030000000000001,6.7,31.6,10.3,51.5,5.1,9.5,22.8,11.8,22.3,2.7,25.7,23296,110535,35852,180021,93413,172999,416804,215638,408078,50122,469981,,,,
2017,Vermont,40.3,17.9,9.9,84.6,4.6,72.0,29.6,94.3,24.1,12.1,51.0,65.5,9.2,45.8,22.1,18.5,81.5,5.9,,,,,,,42.7,21.8,30.5,,,,,,,,,31.7,27.6,2549,5.8999999999999995,12.0,33.7,10.1,44.2,5.2,8.5,22.5,15.8,29.0,2.2,16.8,8006,22479,6715,29435,22774,37360,98774,69392,127426,9646,73895,,,,
2017,Virginia,32.9,15.4,8.9,89.1,4.6,67.5,32.8,94.5,29.9,13.8,54.0,71.8,8.0,51.1,17.6,21.9,78.1,6.1,,,,,,,42.6,29.0,34.5,,,,,,,,,33.2,42.9,370,7.076470588235295,13.4,30.9,9.7,46.1,6.1,7.9,22.0,16.7,24.2,4.2,19.0,110057,253857,79532,379272,353117,456210,1270190,967026,1396487,240260,1095931,,,,
2017,Washington,38.4,16.7,10.3,81.5,4.9,70.0,29.9,95.3,22.1,11.5,54.3,66.8,9.1,46.7,22.6,20.0,80.0,6.3,,,,,,,40.8,21.7,29.5,,,,,,,,,31.1,46.0,3710,8.927272727272726,11.2,31.4,14.0,43.4,5.0,10.1,22.2,13.3,22.1,3.7,23.6,73408,206590,91816,285228,254629,514987,1130392,680727,1128284,189334,1203615,,,,
2017,West Virginia,20.1,9.6,14.8,91.5,7.4,64.9,39.4,95.1,37.7,18.8,56.4,75.1,5.8,62.0,24.1,34.4,65.6,8.8,,,,,,,57.7,37.0,44.2,,,,,,,,,53.5,31.6,2428,8.218181818181819,6.7,39.5,12.4,41.3,8.4,7.1,12.2,8.0,41.2,4.5,18.6,10993,64420,20272,67419,107069,90494,156378,102078,526652,58192,238487,,,,
2017,Wisconsin,37.3,14.5,8.3,87.4,4.8,69.0,34.4,93.9,25.0,13.4,43.8,69.8,15.5,47.1,16.3,18.5,81.5,5.8,,,,,,,41.5,24.7,27.7,,,,,,,,,30.6,30.6,770,6.175,11.0,32.6,10.8,45.6,5.1,10.9,19.8,10.6,30.7,2.6,20.3,61164,182070,60439,254218,200465,433324,782676,419854,1214914,101506,805492,,,,
2017,Wyoming,31.7,13.5,8.5,84.5,4.8,62.1,31.9,91.0,31.7,14.4,46.6,,10.2,48.7,19.3,19.9,80.1,6.1,,,,,,,40.5,23.1,30.8,,,,,,,,,36.7,32.7,212,5.536363636363637,6.5,38.2,13.9,41.3,5.1,10.4,17.4,10.3,29.6,2.0,25.3,3502,20471,7453,22127,19649,40340,67312,39785,114739,7704,98171,,,,
2018,Alabama,,,14.0,,6.6,60.3,37.3,,36.6,16.4,46.6,64.6,6.8,,24.0,31.2,68.8,8.2,,,,,,,,,,12.3,63.2,32.7,27.5,77.5,70.1,68.7,65.0,45.4,27.5,131,7.915384615384616,7.9,35.0,13.3,43.8,9.5,8.6,16.1,9.5,30.8,3.9,21.6,36672,161286,61166,202178,316587,288285,536086,315951,1026976,131592,721987,25.5,86.6,852037,2889285
2018,Alaska,,,10.9,,5.6,49.2,30.7,,24.7,17.4,39.3,66.5,9.6,,20.0,20.3,79.7,6.5,,,,,,,,,,10.6,75.5,22.3,23.2,65.6,60.2,61.0,68.2,37.0,44.9,2616,7.075000000000001,5.6,45.7,11.5,37.2,4.2,8.2,18.5,11.7,28.3,2.5,26.6,3860,31355,7863,25547,20421,39938,89635,56793,137293,12023,129250,30.2,93.3,146428,452909
2018,Arizona,,,9.8,,5.9,64.8,31.6,,27.5,12.5,41.3,66.6,9.3,,16.9,24.8,75.2,6.5,,,,,,,,,,9.2,76.1,29.9,26.4,71.1,68.0,59.9,70.9,37.2,38.9,1457,7.324999999999999,8.6,33.5,15.3,42.6,7.2,8.9,18.6,11.2,24.0,5.3,25.0,58960,230722,105767,293894,349389,428422,898032,540461,1159297,256545,1208158,29.7,87.5,1438493,4234370
2018,Arkansas,,,12.5,,6.8,64.1,36.7,,39.8,19.1,39.3,,7.0,,19.2,34.6,65.4,7.7,,,,,,,,,,12.9,60.9,27.5,21.6,70.6,66.8,61.3,68.9,46.3,33.0,3012,8.544444444444444,7.7,37.3,12.0,43.0,8.2,7.6,14.7,8.6,34.0,4.6,22.3,22256,107370,34446,123854,166471,154143,296422,174853,686867,92515,450668,23.3,87.2,471275,1762953
2018,California,,,9.8,,5.4,59.6,27.9,,23.8,9.6,44.1,,8.6,,15.6,23.4,76.6,6.2,,,,,,,,,,11.7,81.2,30.9,29.5,77.2,72.6,66.9,66.8,34.6,37.1,16627,12.679545454545456,11.5,30.5,10.4,47.6,7.3,8.0,21.3,12.9,20.7,8.9,20.8,432534,1146258,390520,1786551,1958791,2140543,5704852,3466224,5559362,2396226,5589646,34.2,83.8,9171076,22460627
2018,Colorado,,,8.2,,4.5,67.2,24.8,,19.4,11.1,46.5,,9.8,,14.1,18.3,81.7,5.3,,,,,,,,,,9.7,81.5,34.5,27.0,68.2,68.7,60.8,73.3,27.0,29.6,1649,7.823076923076924,14.3,32.2,12.7,40.8,4.9,8.4,26.0,15.7,20.8,3.3,20.9,75776,170032,67044,215687,189453,329255,1013989,611560,812615,127663,815752,41.7,91.9,1625549,3583171
2018,Connecticut,,,9.1,,4.4,62.2,29.6,,26.1,10.7,44.3,,10.5,,13.9,17.9,82.1,5.8,,,,,,,,,,8.8,79.2,32.2,30.8,79.6,74.8,73.0,69.0,29.4,18.5,986,7.040000000000001,16.2,29.6,9.9,44.3,5.2,7.9,21.8,17.8,26.9,3.9,16.6,55798,101840,34216,152349,128535,195971,544028,443202,669967,97719,413974,39.6,90.9,987230,2267142
2018,Delaware,,,9.6,,4.9,62.5,35.7,,31.3,14.0,49.3,,9.7,,15.0,21.7,78.3,6.3,,,,,,,,,,8.5,73.2,32.4,33.6,81.4,72.9,71.9,68.3,36.3,32.7,412,7.6000000000000005,8.8,34.8,13.2,43.2,6.3,7.6,18.3,13.1,33.2,3.9,17.7,7453,29330,11122,36416,42858,51648,124178,88814,225797,26223,120182,31.3,89.8,212992,610619
2018,Florida,,,10.8,,5.7,58.0,31.5,,30.3,13.6,41.8,69.7,9.8,,15.1,25.8,74.2,6.8,,,,,,,,,,10.8,71.3,31.4,25.5,79.1,71.0,69.5,65.7,39.7,19.2,6725,7.3062499999999995,9.5,32.2,15.2,43.1,6.9,9.7,19.1,11.3,28.7,4.6,19.7,168660,569001,268866,762798,1052860,1489510,2920459,1726771,4387954,708872,3015699,30.4,88.5,4647230,13540393
2018,Georgia,,,11.7,,5.7,59.7,34.8,,31.3,13.6,41.6,67.7,7.6,,17.3,26.4,73.6,7.3,23.2,16.3,71.9,41.0,10.2,,,,,11.5,69.9,28.7,25.6,78.7,68.6,73.1,65.7,39.3,46.5,4513,8.316666666666668,10.1,32.6,15.3,42.0,8.0,8.1,19.5,12.3,27.8,4.4,19.8,104717,338114,159213,435966,557379,562774,1362317,861716,1942122,308720,1383144,31.9,87.6,2224033,6112073
2018,Hawaii,,,8.2,,4.7,58.1,22.8,,24.0,9.9,43.4,65.4,11.3,,11.8,20.4,79.6,5.5,,,,,,,,,,7.2,83.6,30.3,29.6,81.5,73.0,68.7,57.1,31.7,20.2,480,5.6000000000000005,8.7,38.2,8.4,44.6,4.2,11.1,22.0,11.5,26.8,3.9,20.6,10616,46510,10207,54314,41547,110557,218828,114745,266728,38532,204652,33.5,92.0,333573,915510
2018,Idaho,,,9.1,,5.2,61.2,31.8,,23.3,12.8,43.5,64.3,9.6,,16.9,21.7,78.3,7.1,,,,,,,,,,12.2,75.6,34.2,26.1,66.2,66.8,51.1,69.5,34.8,31.7,1439,8.87142857142857,7.1,36.0,15.3,41.6,5.5,9.9,18.7,9.0,27.8,3.6,25.5,11730,59498,25257,68606,63176,113323,213462,102800,318218,40692,292076,27.7,90.9,316262,1039879
2018,Illinois,,,9.2,,5.4,59.7,35.2,,29.6,12.8,43.4,,11.1,,16.0,23.0,77.0,6.0,,,,,,,,,,8.8,77.0,28.1,27.0,75.3,66.2,63.2,68.9,32.5,35.0,666,9.53125,14.8,30.2,11.6,43.4,5.9,8.1,21.1,14.0,26.1,4.6,20.3,174741,355452,136767,511942,510902,704851,1833666,1219018,2269285,403880,1764774,35.1,89.5,3052684,7791594
2018,Indiana,,,11.4,,5.6,61.4,36.0,,34.8,18.5,37.3,67.2,8.9,,18.1,25.8,74.2,6.3,,,,,,,,,,11.4,70.0,24.9,24.0,73.7,67.8,65.2,67.7,38.8,25.3,4030,8.795652173913044,10.3,32.4,15.5,41.8,7.3,8.9,17.3,9.8,33.1,3.7,19.9,67588,212740,101702,274898,327362,397824,771811,439255,1480040,164472,887129,27.1,89.0,1211066,3976059
2018,Iowa,,,7.6,,4.2,67.7,37.5,,28.7,13.2,51.0,,11.9,,13.8,18.9,81.1,5.0,,,,,,,,,,8.0,77.1,36.4,33.9,76.5,70.5,62.6,73.5,31.6,33.4,2668,8.323076923076924,12.3,27.6,11.1,48.9,4.6,11.8,19.6,9.4,30.8,3.1,20.6,39224,87669,35433,155638,97697,247997,413442,197098,649269,64952,434337,29.0,92.3,610540,1942143
2018,Kansas,,,10.2,,5.0,65.2,36.0,,27.8,14.3,46.2,,8.3,,18.6,22.5,77.5,6.0,,,,,,,,,,10.3,74.5,32.6,28.5,72.7,67.6,64.7,71.3,35.1,23.6,899,8.116666666666667,11.1,30.2,10.7,48.1,5.3,8.9,21.1,12.8,25.4,3.7,22.8,32775,88959,31457,141742,101128,170965,402368,243775,485753,70905,436532,33.8,91.0,646143,1739393
2018,Kentucky,,,13.8,,6.7,62.9,37.6,,43.1,19.4,49.3,67.8,7.5,,24.1,32.8,67.2,7.9,,,,,,,,,,12.0,61.5,35.3,29.1,73.5,69.7,65.5,62.8,49.4,32.5,1674,8.3,8.9,37.7,11.9,41.6,7.9,8.6,14.5,10.3,32.6,5.3,20.8,37377,158614,49982,175234,240928,261964,442090,311695,990911,160136,631690,24.8,86.8,753785,2638350
2018,Louisiana,,,12.9,,5.9,58.7,37.7,,36.3,17.9,36.4,,11.1,,22.3,29.6,70.4,7.3,,,,,,,,,,11.4,66.9,23.7,21.5,78.7,69.6,70.7,66.7,44.7,42.2,2166,8.584615384615384,7.4,35.5,16.7,40.4,9.5,6.5,15.9,8.4,34.3,4.7,20.8,32296,154813,72976,176575,296354,203074,496634,262019,1071772,146205,649675,24.3,85.8,758653,2683174
2018,Maine,,,10.3,,5.0,65.3,29.8,,27.1,13.9,39.8,69.2,9.1,,19.5,21.1,78.9,6.3,,,,,,56.0,,,,11.1,69.9,29.6,26.6,78.3,75.3,65.0,69.6,33.6,19.5,1823,5.828571428571428,11.6,35.7,10.4,42.3,4.4,9.7,20.1,11.4,31.4,2.6,20.4,12349,37966,11124,45031,43100,95274,197489,112561,309259,25361,200338,31.5,93.0,310050,914921
2018,Maryland,,,9.1,,4.4,65.3,32.7,,27.6,11.8,48.0,70.8,8.1,,14.3,20.4,79.6,5.6,,,,,,,,,,9.2,77.2,35.5,30.6,77.9,72.3,72.7,65.9,29.6,15.8,1122,7.454545454545453,14.4,31.3,10.7,43.6,5.8,6.8,21.9,18.9,24.2,3.7,18.7,77561,167870,57249,234344,240551,281787,911761,788934,1009495,155580,779231,40.8,90.5,1700695,3771208
2018,Massachusetts,,,9.8,,4.7,64.5,28.6,,26.9,12.3,46.1,,12.0,,15.5,18.3,81.7,5.3,,,,,,,,,,8.6,77.2,32.0,30.5,82.3,75.4,69.9,67.4,31.6,28.4,580,6.500000000000001,18.8,27.1,10.6,43.6,4.9,7.6,24.4,20.1,23.3,4.4,15.3,131686,190116,74308,306185,235098,366687,1178868,973142,1126183,211206,741544,44.5,90.8,2152010,4386424
2018,Michigan,,,11.0,,5.9,63.7,35.5,,29.1,14.9,42.9,,11.1,,21.1,23.7,76.3,7.2,,,,,,46.2,,,,12.1,75.1,31.9,28.7,76.3,73.8,69.3,65.3,37.1,34.3,4474,8.12,11.1,31.1,12.4,45.3,6.2,9.6,18.0,11.5,28.7,2.8,23.2,107207,299460,119326,435811,422533,657727,1239251,792642,1972855,189891,1594947,29.6,91.1,2031893,6257422
2018,Minnesota,,,7.2,,4.1,62.6,32.2,,24.6,12.2,49.9,,11.5,,15.2,17.2,82.8,5.2,,,,,,,,,,8.3,82.6,35.5,33.3,78.4,72.8,65.8,73.6,31.0,33.7,2436,6.611764705882353,14.2,28.5,12.1,45.1,4.0,11.7,24.2,12.5,24.2,2.7,20.8,70886,142615,60703,225699,151063,445513,920850,477278,921287,101742,791496,36.7,93.4,1398128,3556424
2018,Mississippi,,,13.7,,6.6,55.7,39.7,,40.1,19.3,46.9,63.9,6.6,,21.5,33.4,66.6,7.9,,,,,,,,,,13.2,57.3,31.8,25.8,66.9,63.3,61.6,66.2,52.9,32.9,2641,8.7375,6.8,28.7,14.3,50.2,9.5,10.1,14.4,8.8,29.8,5.1,22.3,20727,87244,43283,152271,187996,200375,284701,173993,589363,100599,440256,23.2,85.4,458694,1688688
2018,Missouri,,,11.5,,5.7,63.3,34.7,,31.6,16.4,47.3,69.0,11.1,,20.2,25.8,74.2,7.6,,,,,,,,,,10.5,70.0,32.4,31.7,71.9,69.1,65.8,70.2,41.3,46.0,1547,8.0,10.5,31.3,12.4,45.8,6.7,8.2,18.0,11.5,30.4,2.9,22.4,59647,177159,70184,258949,278462,341000,754906,480988,1270247,119915,937269,29.5,90.5,1235894,3784410
2018,Montana,,,10.3,,5.1,64.8,29.1,,28.8,15.4,46.3,,10.9,,20.0,20.4,79.6,6.8,,,,,,,,,,11.6,73.0,30.8,30.9,71.6,64.5,61.0,71.7,38.0,21.7,310,7.423076923076922,11.3,33.5,13.4,41.9,4.3,9.7,20.7,11.0,27.9,1.8,24.5,10876,32317,12953,40433,31704,71397,152448,80957,205496,13375,180384,31.7,93.9,233405,690682
2018,Nebraska,,,9.0,,4.6,66.3,37.5,,29.2,13.3,49.0,,12.2,,15.9,20.0,80.0,6.0,,,,,,,,,,9.6,77.4,34.9,30.1,71.6,68.1,62.0,72.9,33.3,37.9,4495,7.5,13.2,30.0,10.8,46.0,4.8,10.9,21.3,11.1,25.8,3.8,22.4,24841,56356,20380,86365,60686,137646,269675,141055,326400,47660,283318,32.4,91.4,410730,1158094
2018,Nevada,,,10.2,,6.5,59.9,32.3,,30.1,14.1,45.2,,8.2,,17.4,27.9,72.1,7.5,,,,,,,,,,10.8,73.4,30.9,25.4,68.8,60.5,60.0,65.7,41.2,33.8,356,8.15,5.6,41.4,15.7,37.4,7.8,8.4,16.2,8.7,27.7,5.2,25.9,13902,102820,38971,92905,164010,176618,339675,182159,581662,110045,542405,24.9,86.9,521834,1822519
2018,New Hampshire,,,9.3,,4.5,68.7,30.3,,24.8,12.0,41.6,,9.9,,16.9,15.8,84.2,5.8,,,,,,,,,,9.8,76.8,29.9,27.9,79.1,74.7,66.6,69.7,28.7,27.4,683,5.04,14.1,35.0,9.2,41.7,4.4,10.2,22.4,14.5,27.7,2.4,18.4,18042,44629,11694,53217,42821,99230,217282,140297,269202,23689,178227,36.8,93.1,357579,904238
2018,New Jersey,,,11.6,,5.0,59.1,28.3,,33.9,12.3,51.8,74.5,8.9,,11.8,23.3,76.7,6.0,23.9,14.1,71.7,32.9,13.3,40.0,,,,7.6,78.0,38.7,29.8,79.4,67.0,74.1,63.0,32.9,26.4,487,8.306666666666667,17.9,28.7,10.6,42.9,5.1,6.6,24.8,16.0,26.3,4.7,16.4,137291,220196,81481,329304,317170,409253,1535321,989671,1629398,290326,1018104,40.8,90.2,2524992,5581747
2018,New Mexico,,,12.3,,6.2,62.0,30.7,,26.5,13.8,45.1,67.9,7.9,,17.6,28.3,71.7,7.2,,,,,,,,,,11.8,73.2,29.6,27.7,67.6,62.4,58.9,69.9,39.9,22.7,2710,7.0600000000000005,6.2,31.7,17.7,44.5,8.6,8.0,15.7,12.0,26.1,6.0,23.6,12318,62919,35131,88342,122340,113481,221735,169977,370023,84348,334577,27.7,85.4,391712,1209793
2018,New York,,,9.3,,5.0,55.0,29.9,,28.1,11.5,37.4,65.3,9.7,,14.8,23.4,76.6,6.0,23.9,13.6,68.5,32.6,17.1,48.4,,,,8.8,73.4,25.0,22.6,78.6,69.7,73.5,63.3,36.4,22.4,583,7.049999999999999,16.9,27.2,11.0,45.0,6.8,8.7,20.8,16.4,25.9,6.1,15.2,304993,490266,198475,811447,929474,1193573,2846770,2244696,3546789,827890,2083151,37.2,87.1,5091466,11914979
2018,North Carolina,,,9.9,,5.4,67.1,34.4,,28.8,14.9,54.5,72.6,8.1,,19.1,27.0,73.0,6.8,,,,,,,,,,9.2,67.8,37.5,37.8,78.3,71.0,69.5,68.1,39.0,23.6,704,7.51875,11.3,31.6,12.7,44.4,7.5,9.9,20.5,11.4,25.4,4.3,21.1,110841,310896,125413,437468,529783,701016,1454678,812123,1802360,305097,1497087,31.9,88.2,2266801,6267264
2018,North Dakota,,,7.7,,4.4,64.4,36.3,,28.7,15.0,49.5,67.4,11.4,,17.7,20.0,80.0,5.5,,,,,,,,,,9.2,76.4,32.6,34.5,75.4,66.6,60.8,72.7,34.3,13.9,3755,5.777777777777778,9.8,27.4,6.5,56.3,4.3,14.9,22.1,7.6,25.9,3.4,21.9,8301,23147,5476,47660,21520,74715,110664,37946,129495,16988,109451,29.7,92.3,148610,462271
2018,Ohio,,,11.8,,5.4,63.8,36.0,,31.4,17.7,45.4,,9.2,,17.5,24.2,75.8,6.8,21.7,13.2,68.4,28.2,11.2,,,,,10.0,70.4,30.7,29.8,75.0,67.8,64.3,63.5,37.8,34.9,5391,8.704347826086957,10.9,34.6,12.9,41.7,6.6,8.6,17.8,11.1,32.7,2.7,20.4,116345,370760,138294,446572,528136,690735,1431014,894596,2625971,218264,1638319,29.0,90.7,2325610,7280635
2018,Oklahoma,,,13.3,,6.6,64.7,35.6,,35.2,18.4,51.1,,6.3,,23.1,29.3,70.7,7.7,,,,,,,,,,12.3,65.4,33.0,32.8,73.3,63.6,61.7,65.7,48.3,37.9,1739,8.97,7.3,34.7,15.9,42.2,7.8,8.0,16.7,9.0,31.3,3.8,23.5,27598,131449,60112,159987,202447,207381,434570,233591,816934,98813,613877,25.6,88.4,668161,2306353
2018,Oregon,,,11.9,,5.7,68.9,32.6,,23.8,14.0,40.5,67.0,9.3,,23.5,22.2,77.8,6.9,23.0,16.5,74.8,30.8,12.9,51.6,,,,11.9,75.2,30.7,27.8,74.8,72.3,63.1,71.4,37.5,35.6,1868,11.888888888888888,10.2,32.0,13.4,44.4,5.9,9.1,21.0,12.9,22.2,3.6,25.2,37333,116892,48987,162533,173561,269508,621190,381353,655811,106364,744593,34.0,90.5,1002543,2672455
2018,Pennsylvania,,,10.7,,5.4,65.4,33.0,,27.9,14.0,52.1,,10.2,,18.2,24.0,76.0,6.1,,,,,,49.1,,,,9.2,72.3,37.5,33.9,74.1,69.9,64.5,66.4,33.5,20.7,4064,8.774074074074074,13.2,35.5,11.9,39.4,5.9,8.6,19.2,12.7,34.6,3.1,15.9,154249,413608,138423,458536,532792,773645,1723226,1139256,3113998,279306,1432404,31.8,91.0,2862482,8182529
2018,Rhode Island,,,10.3,,5.6,65.8,30.0,,29.8,12.6,44.6,,9.2,,19.5,23.1,76.9,6.9,,,,,,,,,,10.6,76.0,32.9,30.2,82.1,74.4,68.8,65.4,34.3,29.2,470,6.8,14.7,32.8,8.7,43.9,6.2,8.3,19.9,14.5,28.4,4.7,18.0,16543,36940,9765,49464,45944,61601,147507,107154,210606,34642,133241,34.4,89.1,254661,660109
2018,South Carolina,,,11.7,,5.6,61.6,35.2,,31.9,15.7,47.6,67.4,8.7,,19.3,24.8,75.2,6.5,,,,,,,,,,10.4,67.2,34.9,27.8,75.5,71.7,69.3,68.4,39.0,44.3,2616,7.277777777777778,8.8,33.3,13.3,44.5,8.0,10.2,18.0,10.4,29.9,3.6,20.1,43002,162488,64872,217001,278074,354718,627144,362191,1043630,125417,701181,28.3,88.4,989335,3088864
2018,South Dakota,,,8.1,,4.2,65.5,33.4,,30.2,14.0,44.7,65.3,13.0,,14.3,20.2,79.8,4.8,,,,,,,,,,8.4,76.4,30.1,29.2,77.9,68.9,61.3,73.5,34.5,36.3,437,5.622222222222223,10.8,29.8,14.3,45.1,4.9,12.2,20.2,9.0,31.0,2.8,19.9,9214,25306,12103,38299,28842,70838,117943,52455,180511,16315,115946,29.2,92.3,170398,537693
2018,Tennessee,,,14.0,,6.9,62.8,35.3,,39.5,20.7,39.6,67.5,6.3,,24.6,31.8,68.2,8.3,,,,,,,,,,13.2,64.8,27.0,22.5,74.3,69.2,67.9,64.8,46.2,45.0,3488,7.625000000000001,10.2,34.7,12.4,42.7,7.7,7.5,17.3,10.2,31.8,4.5,21.0,63450,215102,76729,264531,358348,348066,801616,473809,1477132,206601,975251,27.5,87.8,1275425,4075874
2018,Texas,,,11.4,,5.7,58.3,37.2,,32.6,14.9,36.5,63.9,11.9,,18.3,29.1,70.9,6.8,,,,,,,,,,12.8,75.5,21.9,20.6,71.7,60.7,68.5,67.8,38.9,38.4,9763,9.452941176470588,9.1,34.3,14.4,42.3,8.0,7.2,19.6,10.7,25.0,8.0,21.4,256238,967913,407231,1193882,1485230,1334999,3627047,1973730,4627856,1478739,3949496,30.3,84.0,5600777,15513128
2018,Utah,,,9.0,,5.0,65.1,31.5,,22.6,8.3,43.7,,4.7,,22.9,20.4,79.6,5.8,,,,,,,,,,9.8,81.9,34.4,25.6,69.7,68.9,58.9,71.6,33.7,42.1,1024,7.827272727272725,7.1,31.0,11.4,50.5,5.1,10.2,22.8,12.0,22.6,2.5,24.7,25341,110825,40749,180457,94721,191808,427561,224884,423407,47361,462160,34.9,92.4,652445,1729820
2018,Vermont,,,9.7,,5.0,66.9,28.7,,23.8,11.7,46.1,,8.9,,18.2,17.7,82.3,6.0,,,,,,,,,,11.7,73.7,31.5,31.0,72.2,70.4,61.0,71.0,31.6,27.1,2592,6.666666666666667,13.5,34.7,7.7,44.1,4.6,8.6,23.1,15.6,28.6,1.9,17.7,8762,22568,4987,28631,20617,38133,103068,69521,127349,8286,78850,38.7,93.5,172589,416921
2018,Virginia,,,9.5,,4.9,62.5,33.1,,27.7,13.7,49.2,70.5,8.1,,15.4,23.1,76.9,6.0,,,,,,,,,,9.1,76.4,33.7,34.0,79.2,69.5,72.8,65.8,32.7,37.7,333,6.947058823529411,13.5,32.1,10.4,44.0,6.2,7.8,22.3,17.1,24.0,3.9,18.7,111424,265174,85714,363726,358586,453566,1296041,994416,1398061,229799,1091538,39.3,89.9,2290457,5233622
2018,Washington,,,8.8,,5.2,67.9,31.0,,21.8,11.3,49.8,64.8,8.7,,22.9,21.6,78.4,6.1,,,,,,,,,,10.5,79.5,37.0,31.8,72.1,71.9,60.7,70.0,33.2,45.2,3752,8.227272727272727,11.7,31.4,13.1,43.8,4.9,10.2,22.8,13.9,21.7,3.5,23.0,76982,206783,86292,288532,257533,533450,1187508,725596,1133822,179951,1197203,36.7,91.6,1913104,4777579
2018,West Virginia,,,16.8,,8.1,63.1,39.7,,36.7,20.4,53.2,72.7,6.2,,24.8,35.8,64.2,9.4,,,,,,,,,,13.7,54.7,38.4,31.9,72.8,68.2,64.3,60.8,55.7,31.7,2453,7.909090909090909,9.0,37.5,13.0,40.5,8.3,7.5,12.8,8.5,39.7,3.9,19.2,14531,60694,21099,65502,106081,96253,163614,109489,508339,50504,246501,21.3,87.8,273103,1124196
2018,Wisconsin,,,9.2,,5.1,64.6,32.3,,26.1,14.3,36.9,68.0,14.8,,16.9,20.5,79.5,5.8,,,,,,,,,,10.0,77.4,28.1,23.3,73.3,74.1,62.2,70.3,29.0,31.0,791,7.19375,12.4,31.3,10.8,45.5,5.2,11.0,19.4,10.6,30.6,2.7,20.5,68062,172028,59092,250259,207198,438602,775533,422543,1222475,108021,817650,30.0,92.1,1198076,3676803
2018,Wyoming,,,8.9,,4.9,59.4,31.0,,28.2,15.4,42.8,60.1,8.8,,14.2,20.6,79.4,6.0,,,,,,,,,,8.2,74.2,29.5,24.4,65.8,59.3,60.2,70.6,36.7,41.5,277,5.2727272727272725,7.7,36.6,16.3,39.5,4.9,11.2,16.9,10.0,28.8,1.8,26.4,3955,18836,8383,20331,19072,44089,66449,39134,113351,7237,103804,26.9,93.3,105583,366827
